"snp_name","snp_chromosome","snp_position","user_id","genotype_id","genotype"
"1","rs4680","22","19963748","5254","3763","AG"
"2","rs4680","22","19963748","5252","3762","GG"
"3","rs4680","22","19963748","5249","3760","AA"
"4","rs4680","22","19963748","5248","3759","AG"
"5","rs4680","22","19963748","5246","3758","AG"
"6","rs4680","22","19963748","5245","3757","AG"
"7","rs4680","22","19963748","5241","3756","AG"
"8","rs4680","22","19963748","5243","3755","AA"
"9","rs4680","22","19963748","5242","3754","AG"
"10","rs4680","22","19963748","5240","3753","AG"
"11","rs4680","22","19963748","5236","3751","AG"
"12","rs4680","22","19963748","5235","3749","GG"
"14","rs4680","22","19963748","5234","3748","AG"
"15","rs4680","22","19963748","5233","3747","AA"
"16","rs4680","22","19963748","5229","3746","GG"
"17","rs4680","22","19963748","5228","3743","AG"
"18","rs4680","22","19963748","5227","3742","GG"
"19","rs4680","22","19963748","5226","3772","AG"
"20","rs4680","22","19963748","5225","3738","AA"
"21","rs4680","22","19963748","5224","3737","GG"
"23","rs4680","22","19963748","5223","3735","AG"
"24","rs4680","22","19963748","5164","3672","AG"
"25","rs4680","22","19963748","4815","3395","AA"
"26","rs4680","22","19963748","5219","3730","AG"
"27","rs4680","22","19963748","5218","3729","AA"
"28","rs4680","22","19963748","5216","3727","AA"
"29","rs4680","22","19963748","5214","3725","AA"
"30","rs4680","22","19963748","5212","3723","AA"
"31","rs4680","22","19963748","5211","3722","GG"
"32","rs4680","22","19963748","5210","3720","GG"
"33","rs4680","22","19963748","5209","3718","AG"
"34","rs4680","22","19963748","5207","3716","AG"
"35","rs4680","22","19963748","5206","3715","AG"
"36","rs4680","22","19963748","5205","3714","AA"
"37","rs4680","22","19963748","1952",NA,NA
"38","rs4680","22","19963748","5201","3712","GG"
"39","rs4680","22","19963748","5200","3709","GG"
"41","rs4680","22","19963748","5199","3708","AA"
"42","rs4680","22","19963748","5198","3707","AG"
"43","rs4680","22","19963748","5197","3706","AA"
"44","rs4680","22","19963748","5196","3705","GG"
"45","rs4680","22","19963748","5195","3704","GG"
"46","rs4680","22","19963748","5194","3703","AA"
"47","rs4680","22","19963748","5191","3701","GG"
"48","rs4680","22","19963748","5190","3700","AA"
"49","rs4680","22","19963748","3037",NA,NA
"50","rs4680","22","19963748","5187","3695","GG"
"51","rs4680","22","19963748","5186","3694","AG"
"52","rs4680","22","19963748","5184","3693","AG"
"53","rs4680","22","19963748","5182","3692","GG"
"54","rs4680","22","19963748","5180","3689","AG"
"55","rs4680","22","19963748","5172","3679","AG"
"56","rs4680","22","19963748","5178","3686","AG"
"57","rs4680","22","19963748","5176","3683","AA"
"59","rs4680","22","19963748","2364",NA,NA
"60","rs4680","22","19963748","5174","3681","AA"
"61","rs4680","22","19963748","5173","3680","AG"
"63","rs4680","22","19963748","5170","3678","GG"
"64","rs4680","22","19963748","5169","3677","AG"
"65","rs4680","22","19963748","5168","3676","AG"
"66","rs4680","22","19963748","5167","3675","AG"
"68","rs4680","22","19963748","5163","3671","AG"
"69","rs4680","22","19963748","5161","3670","GG"
"70","rs4680","22","19963748","5156","3665","AG"
"71","rs4680","22","19963748","5155","3664","AG"
"72","rs4680","22","19963748","5154","3663","AG"
"73","rs4680","22","19963748","5152","3662","GG"
"74","rs4680","22","19963748","5151","3661","AA"
"75","rs4680","22","19963748","4218",NA,NA
"76","rs4680","22","19963748","5150","3658","GG"
"77","rs4680","22","19963748","3858","2568","GG"
"78","rs4680","22","19963748","1426",NA,NA
"79","rs4680","22","19963748","5148","3656","GG"
"80","rs4680","22","19963748","5147","3655","AG"
"81","rs4680","22","19963748","5146","3654","GG"
"82","rs4680","22","19963748","5145","3653","AG"
"83","rs4680","22","19963748","5144","3652","AA"
"84","rs4680","22","19963748","5142","3651","AG"
"85","rs4680","22","19963748","5085","3650","AA"
"86","rs4680","22","19963748","5137","3649","AG"
"87","rs4680","22","19963748","5136","3648","AG"
"88","rs4680","22","19963748","5135","3647","GG"
"89","rs4680","22","19963748","5134","3646","AA"
"90","rs4680","22","19963748","5132","3645","AG"
"91","rs4680","22","19963748","5131","3644","AG"
"92","rs4680","22","19963748","3867","2577","AG"
"93","rs4680","22","19963748","5130","3642","AG"
"94","rs4680","22","19963748","5125","3637","GG"
"95","rs4680","22","19963748","5124","3636","AA"
"96","rs4680","22","19963748","5123","3635","GG"
"97","rs4680","22","19963748","5122","3634","AA"
"98","rs4680","22","19963748","5121","3633","AG"
"99","rs4680","22","19963748","5117","3629","AA"
"100","rs4680","22","19963748","5115","3628","AG"
"101","rs4680","22","19963748","5111","3626","AA"
"102","rs4680","22","19963748","5109","3625","AG"
"103","rs4680","22","19963748","5108","3624","AA"
"104","rs4680","22","19963748","5107","3622","AG"
"106","rs4680","22","19963748","5105","3621","AG"
"107","rs4680","22","19963748","5103","3619","GG"
"108","rs4680","22","19963748","5100","3617","AG"
"109","rs4680","22","19963748","5099","3616","GG"
"110","rs4680","22","19963748","5098","3615","AA"
"111","rs4680","22","19963748","5097","3614","AG"
"112","rs4680","22","19963748","5095","3613","GG"
"113","rs4680","22","19963748","5093","3610","AG"
"114","rs4680","22","19963748","4496","3609","AG"
"115","rs4680","22","19963748","5080","3602","AA"
"116","rs4680","22","19963748","5078","3600","AG"
"117","rs4680","22","19963748","5076","3598","GG"
"118","rs4680","22","19963748","5075","3597","AG"
"119","rs4680","22","19963748","5074","3596","GG"
"120","rs4680","22","19963748","5073","3594","GG"
"121","rs4680","22","19963748","5069","3593","AG"
"122","rs4680","22","19963748","5072","3592","AG"
"123","rs4680","22","19963748","5071","3591","AA"
"124","rs4680","22","19963748","5068","3590","AG"
"125","rs4680","22","19963748","5066","3589","GG"
"126","rs4680","22","19963748","5065","3588","AA"
"127","rs4680","22","19963748","5059","3585","AG"
"128","rs4680","22","19963748","5058","3584","AG"
"129","rs4680","22","19963748","5057","3583","AG"
"130","rs4680","22","19963748","5056","3582","AG"
"131","rs4680","22","19963748","5053","3581","AG"
"132","rs4680","22","19963748","5052","3580","AA"
"133","rs4680","22","19963748","5051","3579","AA"
"134","rs4680","22","19963748","5049","3578","GG"
"135","rs4680","22","19963748","5048","3577","AG"
"136","rs4680","22","19963748","5047","3576","AG"
"137","rs4680","22","19963748","5045","3574","AG"
"138","rs4680","22","19963748","5044","3573","GG"
"139","rs4680","22","19963748","5042","3571","AG"
"140","rs4680","22","19963748","5041","3570","GG"
"141","rs4680","22","19963748","5039","3569","AA"
"142","rs4680","22","19963748","5036","3567","AG"
"143","rs4680","22","19963748","5034","3566","AG"
"144","rs4680","22","19963748","5032","3565","AA"
"145","rs4680","22","19963748","5029","3563","AA"
"146","rs4680","22","19963748","5027","3561","AG"
"147","rs4680","22","19963748","3481","3557","AG"
"148","rs4680","22","19963748","5022","3556","AA"
"149","rs4680","22","19963748","5018","3552","GG"
"150","rs4680","22","19963748","5017","3551","AG"
"151","rs4680","22","19963748","5015","3550","GG"
"152","rs4680","22","19963748","5013","3549","AG"
"153","rs4680","22","19963748","5007","3546","AA"
"154","rs4680","22","19963748","5006","3545","AA"
"155","rs4680","22","19963748","5004","3790","AA"
"156","rs4680","22","19963748","5003","3543","AG"
"157","rs4680","22","19963748","5002","3542","AG"
"158","rs4680","22","19963748","5001","3541","AA"
"159","rs4680","22","19963748","4999","3540","GG"
"160","rs4680","22","19963748","4961","3539","AG"
"161","rs4680","22","19963748","4998","3538","AG"
"162","rs4680","22","19963748","4997","3536","GG"
"163","rs4680","22","19963748","4996","3535","GG"
"164","rs4680","22","19963748","4992","3531","AG"
"165","rs4680","22","19963748","4991","3530","GG"
"166","rs4680","22","19963748","4989","3528","AG"
"167","rs4680","22","19963748","4988","3527","GG"
"168","rs4680","22","19963748","4987","3526","AA"
"169","rs4680","22","19963748","4986","3525","AG"
"170","rs4680","22","19963748","4985","3522","AG"
"171","rs4680","22","19963748","4983","3521","GG"
"172","rs4680","22","19963748","4981","3519","GG"
"173","rs4680","22","19963748","4978","3515","AG"
"174","rs4680","22","19963748","4974","3513","AA"
"175","rs4680","22","19963748","4972","3511","AG"
"176","rs4680","22","19963748","4970","3508","GG"
"177","rs4680","22","19963748","4971","3509","AA"
"179","rs4680","22","19963748","4968","3507","GG"
"180","rs4680","22","19963748","4966","3506","AG"
"181","rs4680","22","19963748","4963","3504","AA"
"182","rs4680","22","19963748","4962","3503","AA"
"183","rs4680","22","19963748","4956","3502","AA"
"184","rs4680","22","19963748","4960","3501","AA"
"185","rs4680","22","19963748","4955","3498","AA"
"186","rs4680","22","19963748","4954","3497","AA"
"187","rs4680","22","19963748","4951","3495","AA"
"188","rs4680","22","19963748","4950","3494","AG"
"189","rs4680","22","19963748","4947","3493","GG"
"190","rs4680","22","19963748","4946","3492","AA"
"191","rs4680","22","19963748","4943","3490","AA"
"192","rs4680","22","19963748","4941","3489","GG"
"193","rs4680","22","19963748","4940","3488","AA"
"194","rs4680","22","19963748","4939","3487","AA"
"195","rs4680","22","19963748","4935","3479","GG"
"196","rs4680","22","19963748","4932","3478","AA"
"197","rs4680","22","19963748","4931","3477","AG"
"198","rs4680","22","19963748","4930","3476","AG"
"199","rs4680","22","19963748","4928","3475","AG"
"200","rs4680","22","19963748","4927","3474","AG"
"201","rs4680","22","19963748","4925","3473","AG"
"202","rs4680","22","19963748","4920","3469","AG"
"203","rs4680","22","19963748","4915","3466","AA"
"204","rs4680","22","19963748","4910","3463","AG"
"205","rs4680","22","19963748","4907","3461","AG"
"206","rs4680","22","19963748","4906","3460","AG"
"207","rs4680","22","19963748","4904","3457","AA"
"208","rs4680","22","19963748","4902","3456","GG"
"209","rs4680","22","19963748","4900","3455","AG"
"210","rs4680","22","19963748","4897","3453","AA"
"211","rs4680","22","19963748","4896","3452","GG"
"212","rs4680","22","19963748","4895","3451","AG"
"213","rs4680","22","19963748","4894","3450","AG"
"214","rs4680","22","19963748","4891","3448","GG"
"215","rs4680","22","19963748","16","3446","AG"
"216","rs4680","22","19963748","4889","3445","AG"
"217","rs4680","22","19963748","4888","3444","AG"
"218","rs4680","22","19963748","4887","3443","AG"
"219","rs4680","22","19963748","4886","3442","AG"
"220","rs4680","22","19963748","1691","3441","AA"
"221","rs4680","22","19963748","4884","3440","GG"
"222","rs4680","22","19963748","4882","3439","AA"
"223","rs4680","22","19963748","4879","3436","AA"
"224","rs4680","22","19963748","4875","3433","AG"
"225","rs4680","22","19963748","4859","3421","AG"
"226","rs4680","22","19963748","4850","3417","AG"
"227","rs4680","22","19963748","4839","3413","GG"
"228","rs4680","22","19963748","4838","3412","AG"
"229","rs4680","22","19963748","4836","3411","AG"
"230","rs4680","22","19963748","4835","3410","AG"
"231","rs4680","22","19963748","4834","3409","AG"
"232","rs4680","22","19963748","4833","3408","GG"
"233","rs4680","22","19963748","4831","3406","GG"
"234","rs4680","22","19963748","4829","3405","AA"
"235","rs4680","22","19963748","4827","3404","AA"
"236","rs4680","22","19963748","4825","3403","AG"
"237","rs4680","22","19963748","4824","3402","GG"
"238","rs4680","22","19963748","4822","3401","AA"
"239","rs4680","22","19963748","4820","3399","AA"
"240","rs4680","22","19963748","4818","3398","AA"
"241","rs4680","22","19963748","4817","3397","AA"
"243","rs4680","22","19963748","4814","3394","AA"
"244","rs4680","22","19963748","4813","3393","AA"
"245","rs4680","22","19963748","4809","3391","AG"
"246","rs4680","22","19963748","4808","3390","AG"
"247","rs4680","22","19963748","4807","3389","AG"
"248","rs4680","22","19963748","4806","3388","AG"
"249","rs4680","22","19963748","4805","3387","AG"
"250","rs4680","22","19963748","4801","3385","AA"
"251","rs4680","22","19963748","4799","3383","AA"
"252","rs4680","22","19963748","4797","3381","AA"
"253","rs4680","22","19963748","4796","3380","AG"
"254","rs4680","22","19963748","4795","3379","AG"
"255","rs4680","22","19963748","4794","3378","AA"
"256","rs4680","22","19963748","4793","3377","AA"
"257","rs4680","22","19963748","4791","3376","AG"
"258","rs4680","22","19963748","4790","3375","AA"
"259","rs4680","22","19963748","4789","3374","GG"
"260","rs4680","22","19963748","4784","3373","GG"
"261","rs4680","22","19963748","4787","3372","AA"
"262","rs4680","22","19963748","4786","3370","AA"
"263","rs4680","22","19963748","4785","3369","--"
"264","rs4680","22","19963748","4782","3367","AG"
"265","rs4680","22","19963748","4780","3366","GG"
"266","rs4680","22","19963748","4778","3364","AG"
"267","rs4680","22","19963748","4777","3362","GG"
"268","rs4680","22","19963748","4773","3359","GG"
"269","rs4680","22","19963748","4771","3358","GG"
"270","rs4680","22","19963748","4768","3357","AG"
"271","rs4680","22","19963748","4767","3356","AA"
"272","rs4680","22","19963748","4766","3355","GG"
"273","rs4680","22","19963748","4763","3353","AG"
"274","rs4680","22","19963748","4762","3352","GG"
"275","rs4680","22","19963748","4732","3349","GG"
"276","rs4680","22","19963748","4758","3347","GG"
"277","rs4680","22","19963748","4756","3345","AG"
"278","rs4680","22","19963748","4753","3343","AG"
"279","rs4680","22","19963748","4750","3342","AA"
"280","rs4680","22","19963748","4749","3340","AA"
"282","rs4680","22","19963748","4748","3338","GG"
"284","rs4680","22","19963748","4742","3333","AG"
"285","rs4680","22","19963748","4741","3332","GG"
"286","rs4680","22","19963748","4722","3321","GG"
"287","rs4680","22","19963748","4718","3318","AG"
"288","rs4680","22","19963748","4717","3317","GG"
"289","rs4680","22","19963748","4716","3316","AG"
"290","rs4680","22","19963748","4715","3315","AA"
"291","rs4680","22","19963748","4714","3314","GG"
"292","rs4680","22","19963748","4713","3313","GG"
"293","rs4680","22","19963748","4712","3311","AG"
"294","rs4680","22","19963748","4703","3308","AG"
"295","rs4680","22","19963748","4699","3306","GG"
"296","rs4680","22","19963748","4697","3305","GG"
"297","rs4680","22","19963748","4695","3304","AA"
"298","rs4680","22","19963748","4694","3303","GG"
"299","rs4680","22","19963748","4693","3301","AA"
"300","rs4680","22","19963748","4692","3300","GG"
"301","rs4680","22","19963748","4691","3299","AG"
"302","rs4680","22","19963748","4690","3298","GG"
"303","rs4680","22","19963748","4689","3297","AA"
"304","rs4680","22","19963748","4688","3296","AA"
"305","rs4680","22","19963748","4686","3295","AA"
"306","rs4680","22","19963748","4685","3294","GG"
"307","rs4680","22","19963748","4684","3293","AG"
"308","rs4680","22","19963748","2074","3291","AA"
"309","rs4680","22","19963748","4680","3290","AG"
"310","rs4680","22","19963748","4679","3289","AA"
"311","rs4680","22","19963748","4674","3276","AG"
"312","rs4680","22","19963748","4672","3275","AA"
"313","rs4680","22","19963748","4671","3274","GG"
"314","rs4680","22","19963748","4668","3273","AG"
"315","rs4680","22","19963748","4664","3269","AG"
"316","rs4680","22","19963748","4663","3268","AG"
"317","rs4680","22","19963748","4662","3267","GG"
"318","rs4680","22","19963748","4657","3264","AG"
"319","rs4680","22","19963748","4656","3263","AA"
"320","rs4680","22","19963748","4654","3262","GG"
"321","rs4680","22","19963748","4651","3259","AA"
"322","rs4680","22","19963748","4650","3254","AG"
"323","rs4680","22","19963748","4649","3253","AG"
"324","rs4680","22","19963748","4648","3252","GG"
"325","rs4680","22","19963748","4646","3244","AG"
"326","rs4680","22","19963748","4644","3241","GG"
"327","rs4680","22","19963748","4552","3240","AA"
"328","rs4680","22","19963748","4643","3239","AA"
"329","rs4680","22","19963748","4641","3238","AG"
"330","rs4680","22","19963748","4638","3236","AG"
"331","rs4680","22","19963748","4635","3233","GG"
"332","rs4680","22","19963748","4632","3231","GG"
"333","rs4680","22","19963748","4631","3230","GG"
"334","rs4680","22","19963748","4628","3228","AG"
"335","rs4680","22","19963748","4580","3227","GG"
"336","rs4680","22","19963748","4627","3226","AG"
"337","rs4680","22","19963748","4626","3225","AG"
"338","rs4680","22","19963748","4623","3224","GG"
"339","rs4680","22","19963748","5497","3992","AG"
"340","rs4680","22","19963748","5495","3991","AG"
"341","rs4680","22","19963748","5494","3990","AA"
"342","rs4680","22","19963748","5493","3987","GG"
"343","rs4680","22","19963748","5491","3986","GG"
"344","rs4680","22","19963748","5490","3985","AA"
"345","rs4680","22","19963748","5489","3984","AG"
"346","rs4680","22","19963748","5488","3983","AG"
"347","rs4680","22","19963748","5485","3982","AG"
"348","rs4680","22","19963748","5487","3981","GG"
"349","rs4680","22","19963748","5478","3973","AG"
"350","rs4680","22","19963748","5475","3971","GG"
"351","rs4680","22","19963748","5474","3970","AA"
"352","rs4680","22","19963748","5473","3969","GG"
"353","rs4680","22","19963748","5471","3967","AA"
"354","rs4680","22","19963748","5467","3965","GG"
"355","rs4680","22","19963748","5465","3963","GG"
"356","rs4680","22","19963748","5464","3962","AA"
"357","rs4680","22","19963748","5462","3960","AG"
"358","rs4680","22","19963748","5460","3958","AG"
"359","rs4680","22","19963748","5456","3955","AA"
"360","rs4680","22","19963748","5454","3953","GG"
"361","rs4680","22","19963748","5453","3952","GG"
"362","rs4680","22","19963748","5452","3951","AG"
"363","rs4680","22","19963748","5451","3950","AG"
"364","rs4680","22","19963748","5450","3948","AG"
"365","rs4680","22","19963748","5448","3947","GG"
"366","rs4680","22","19963748","5447","3946","AA"
"367","rs4680","22","19963748","5445","3945","AG"
"368","rs4680","22","19963748","5444","3944","AG"
"369","rs4680","22","19963748","5443","3943","GG"
"370","rs4680","22","19963748","5442","3941","AG"
"371","rs4680","22","19963748","5438","3939","GG"
"372","rs4680","22","19963748","5435","3938","GG"
"373","rs4680","22","19963748","5434","3937","AG"
"374","rs4680","22","19963748","5433","3936","AG"
"375","rs4680","22","19963748","5432","3935","AG"
"376","rs4680","22","19963748","5425","3932","GG"
"377","rs4680","22","19963748","5412","3929","AG"
"378","rs4680","22","19963748","5416","3926","AA"
"379","rs4680","22","19963748","5415","3925","AG"
"380","rs4680","22","19963748","5413","3924","AG"
"381","rs4680","22","19963748","5414","3923","AG"
"382","rs4680","22","19963748","5411","3922","GG"
"383","rs4680","22","19963748","5408","3919","AG"
"384","rs4680","22","19963748","5402","3915","AG"
"385","rs4680","22","19963748","5401","3914","AG"
"386","rs4680","22","19963748","5398","3912","AG"
"387","rs4680","22","19963748","5397","3910","AG"
"388","rs4680","22","19963748","5394","3907","AG"
"389","rs4680","22","19963748","5392","3906","AG"
"390","rs4680","22","19963748","5391","3904","GG"
"391","rs4680","22","19963748","5388","3902","GG"
"392","rs4680","22","19963748","5387","3901","AG"
"393","rs4680","22","19963748","5386","3900","AG"
"394","rs4680","22","19963748","5385","3899","AA"
"395","rs4680","22","19963748","5383","3897","AG"
"396","rs4680","22","19963748","5382","3896","AG"
"397","rs4680","22","19963748","5380","3894","AG"
"398","rs4680","22","19963748","5379","3893","AG"
"399","rs4680","22","19963748","5351","3892","AG"
"400","rs4680","22","19963748","5378","3891","AG"
"401","rs4680","22","19963748","5376","3890","AA"
"402","rs4680","22","19963748","5370","3886","AG"
"403","rs4680","22","19963748","5369","3885","AA"
"404","rs4680","22","19963748","5367","3882","GG"
"405","rs4680","22","19963748","5366","3880","GG"
"406","rs4680","22","19963748","5364",NA,NA
"407","rs4680","22","19963748","5360","3872","AG"
"408","rs4680","22","19963748","5359","3871","GG"
"409","rs4680","22","19963748","5358","3870","GG"
"410","rs4680","22","19963748","5357","3868","AA"
"411","rs4680","22","19963748","5185","3866","GG"
"412","rs4680","22","19963748","5354","3865","AA"
"413","rs4680","22","19963748","5353","3864","GG"
"414","rs4680","22","19963748","5352","3863","GG"
"415","rs4680","22","19963748","5350","3862","GG"
"416","rs4680","22","19963748","5347","3860","AA"
"417","rs4680","22","19963748","5346","3859","AG"
"418","rs4680","22","19963748","949","3858","AA"
"419","rs4680","22","19963748","5343","3857","AG"
"420","rs4680","22","19963748","5342","3856","AA"
"421","rs4680","22","19963748","5341","3855","GG"
"422","rs4680","22","19963748","5340","3854","AG"
"424","rs4680","22","19963748","5337","3851","AA"
"425","rs4680","22","19963748","5336","3849","AG"
"426","rs4680","22","19963748","1509","826","GG"
"427","rs4680","22","19963748","2062","3847","AG"
"428","rs4680","22","19963748","5333","3846","AA"
"429","rs4680","22","19963748","3799",NA,NA
"430","rs4680","22","19963748","5332","3844","AG"
"431","rs4680","22","19963748","4267","3843","GG"
"432","rs4680","22","19963748","5271","3842","AG"
"433","rs4680","22","19963748","5301",NA,NA
"435","rs4680","22","19963748","5331","3838","AG"
"436","rs4680","22","19963748","5330","3837","GG"
"437","rs4680","22","19963748","5326","3834","AA"
"438","rs4680","22","19963748","5327","3833","AG"
"439","rs4680","22","19963748","5323","3830","AG"
"440","rs4680","22","19963748","5322","3828","GG"
"441","rs4680","22","19963748","5321","3826","AA"
"442","rs4680","22","19963748","5319","3825","AG"
"443","rs4680","22","19963748","1081",NA,NA
"444","rs4680","22","19963748","5315","3823","AA"
"445","rs4680","22","19963748","5313","3821","AA"
"446","rs4680","22","19963748","5311","3817","AA"
"447","rs4680","22","19963748","5310","3815","AG"
"448","rs4680","22","19963748","5309","3813","AA"
"449","rs4680","22","19963748","5307","3812","AG"
"450","rs4680","22","19963748","5306","3811","AA"
"451","rs4680","22","19963748","5302","3808","AG"
"452","rs4680","22","19963748","5297","3803","AG"
"453","rs4680","22","19963748","5295","3799","AA"
"454","rs4680","22","19963748","5293","3798","AA"
"455","rs4680","22","19963748","5292","3797","GG"
"456","rs4680","22","19963748","5289","3796","AA"
"457","rs4680","22","19963748","5288","3794","AG"
"458","rs4680","22","19963748","5284","3792","AA"
"460","rs4680","22","19963748","5278","3789","GG"
"461","rs4680","22","19963748","5277","3788","AA"
"462","rs4680","22","19963748","5276","3787","GG"
"463","rs4680","22","19963748","5267","3777","GG"
"464","rs4680","22","19963748","5274","3783","AG"
"465","rs4680","22","19963748","5273","3782","AG"
"467","rs4680","22","19963748","5268","3778","AG"
"469","rs4680","22","19963748","5266","3776","AG"
"473","rs4680","22","19963748","5264","3770","AG"
"474","rs4680","22","19963748","5263","3769","AA"
"475","rs4680","22","19963748","5257","3765","AA"
"476","rs4680","22","19963748","5256","3764","AG"
"477","rs4680","22","19963748","4621","3222","AG"
"478","rs4680","22","19963748","4620","3221","GG"
"479","rs4680","22","19963748","4619","3220","AG"
"480","rs4680","22","19963748","4616","3218","AG"
"481","rs4680","22","19963748","4614","3217","AG"
"482","rs4680","22","19963748","4611","3215","GG"
"483","rs4680","22","19963748","4609","3210","GG"
"484","rs4680","22","19963748","4605","3207","GG"
"485","rs4680","22","19963748","4604","3206","AG"
"486","rs4680","22","19963748","4603","3205","AA"
"487","rs4680","22","19963748","4602","3204","GG"
"488","rs4680","22","19963748","4601","3203","GG"
"489","rs4680","22","19963748","4600","3202","GG"
"490","rs4680","22","19963748","4598","3197","AG"
"491","rs4680","22","19963748","4597","3196","GG"
"492","rs4680","22","19963748","4594","3193","AG"
"493","rs4680","22","19963748","4590","3191","AG"
"494","rs4680","22","19963748","4586","3189","AG"
"495","rs4680","22","19963748","4587","3188","AA"
"496","rs4680","22","19963748","4582","3184","AA"
"497","rs4680","22","19963748","4577","3161","AG"
"498","rs4680","22","19963748","4570","3156","AG"
"499","rs4680","22","19963748","4569","3154","AG"
"500","rs4680","22","19963748","4568","3153","AA"
"501","rs4680","22","19963748","4561","3151","AA"
"502","rs4680","22","19963748","4558","3150","AG"
"503","rs4680","22","19963748","4557","3149","GG"
"504","rs4680","22","19963748","4555","3148","GG"
"505","rs4680","22","19963748","4551","3145","AG"
"506","rs4680","22","19963748","4550","3144","AG"
"507","rs4680","22","19963748","4549","3143","GG"
"508","rs4680","22","19963748","4548","3142","GG"
"509","rs4680","22","19963748","4547","3141","AG"
"510","rs4680","22","19963748","4545","3138","GG"
"511","rs4680","22","19963748","4544","3137","AG"
"512","rs4680","22","19963748","4543","3136","AA"
"513","rs4680","22","19963748","4541","3135","GG"
"514","rs4680","22","19963748","4540","3134","AG"
"515","rs4680","22","19963748","4539","3133","GG"
"516","rs4680","22","19963748","4538","3132","AG"
"517","rs4680","22","19963748","4534","3129","AG"
"518","rs4680","22","19963748","4532","3128","GG"
"519","rs4680","22","19963748","4530","3127","GG"
"520","rs4680","22","19963748","4529","3126","GG"
"521","rs4680","22","19963748","4528","3125","AG"
"522","rs4680","22","19963748","4526","3123","AA"
"523","rs4680","22","19963748","4525","3122","AA"
"524","rs4680","22","19963748","4524","3119","GG"
"525","rs4680","22","19963748","4523","3118","AG"
"526","rs4680","22","19963748","4522","3117","AG"
"527","rs4680","22","19963748","4519","3116","AG"
"528","rs4680","22","19963748","4517","3113","AG"
"529","rs4680","22","19963748","4515","3111","AG"
"530","rs4680","22","19963748","4512","3109","GG"
"531","rs4680","22","19963748","4511","3107","AG"
"532","rs4680","22","19963748","4509","3106","AG"
"533","rs4680","22","19963748","4508","3105","AG"
"534","rs4680","22","19963748","4507","3104","AG"
"535","rs4680","22","19963748","4504","3102","AA"
"536","rs4680","22","19963748","2089","3101","AG"
"537","rs4680","22","19963748","4312","3100","AA"
"538","rs4680","22","19963748","4503","3099","GG"
"539","rs4680","22","19963748","4502","3098","GG"
"540","rs4680","22","19963748","4500","3097","AG"
"541","rs4680","22","19963748","2419",NA,NA
"542","rs4680","22","19963748","4499","3095","AG"
"543","rs4680","22","19963748","4498","3094","AG"
"544","rs4680","22","19963748","1667","3093","GG"
"546","rs4680","22","19963748","4494","3090","AG"
"547","rs4680","22","19963748","4493","3089","GG"
"548","rs4680","22","19963748","4492","3088","GG"
"549","rs4680","22","19963748","4490","3086","AA"
"550","rs4680","22","19963748","4486","3083","AG"
"551","rs4680","22","19963748","4485","3082","AA"
"552","rs4680","22","19963748","4484","3081","AA"
"553","rs4680","22","19963748","4483","3080","AG"
"554","rs4680","22","19963748","4482","3079","AG"
"555","rs4680","22","19963748","4481","3078","GG"
"556","rs4680","22","19963748","4480","3077","GG"
"557","rs4680","22","19963748","4478","3075","GG"
"558","rs4680","22","19963748","3782",NA,NA
"559","rs4680","22","19963748","4475","3072","GG"
"560","rs4680","22","19963748","4466","3060","AG"
"561","rs4680","22","19963748","4474","3069","AG"
"562","rs4680","22","19963748","4473","3067","GG"
"563","rs4680","22","19963748","4471","3066","GG"
"564","rs4680","22","19963748","4470","3065","AA"
"565","rs4680","22","19963748","4469","3064","AG"
"566","rs4680","22","19963748","4372","3063","AG"
"567","rs4680","22","19963748","4468","3062","AG"
"568","rs4680","22","19963748","3927","2625","GG"
"569","rs4680","22","19963748","3931","2630","GG"
"570","rs4680","22","19963748","4363","2936","AG"
"571","rs4680","22","19963748","3932","2631","AG"
"572","rs4680","22","19963748","500","2637","GG"
"573","rs4680","22","19963748","3942","2642","GG"
"574","rs4680","22","19963748","3949","2647","AG"
"575","rs4680","22","19963748","3960","2658","AA"
"576","rs4680","22","19963748","3904","2609","AG"
"577","rs4680","22","19963748","3922","2622","AG"
"578","rs4680","22","19963748","3926","2624","AA"
"579","rs4680","22","19963748","3900","2607","AG"
"580","rs4680","22","19963748","3913","2617","AA"
"581","rs4680","22","19963748","3941","2641","AA"
"582","rs4680","22","19963748","3928","2627","GG"
"583","rs4680","22","19963748","3936","2638","AG"
"584","rs4680","22","19963748","3853","2654","AG"
"585","rs4680","22","19963748","4359","2931","AA"
"586","rs4680","22","19963748","4358","2930","AG"
"587","rs4680","22","19963748","4356","2928","GG"
"588","rs4680","22","19963748","3907","2612","AA"
"589","rs4680","22","19963748","3914","2618","GG"
"590","rs4680","22","19963748","3912","2616","AA"
"591","rs4680","22","19963748","3933","2632","AG"
"592","rs4680","22","19963748","3929","2628","GG"
"593","rs4680","22","19963748","3879","2587","GG"
"594","rs4680","22","19963748","3847","2560","AA"
"595","rs4680","22","19963748","3834","2551","AG"
"596","rs4680","22","19963748","3899","2606","AG"
"597","rs4680","22","19963748","3862","2572","AG"
"598","rs4680","22","19963748","3872","2580","AG"
"599","rs4680","22","19963748","3878","2586","AG"
"600","rs4680","22","19963748","3865","2575","AG"
"601","rs4680","22","19963748","3831","2548","GG"
"602","rs4680","22","19963748","3827","2545","GG"
"603","rs4680","22","19963748","3894","2601","AG"
"604","rs4680","22","19963748","3811","2532","AA"
"605","rs4680","22","19963748","3884","2595","GG"
"606","rs4680","22","19963748","3886","2593","GG"
"607","rs4680","22","19963748","3891","2599","AA"
"608","rs4680","22","19963748","3888","2596","GG"
"610","rs4680","22","19963748","3797","2520","AG"
"611","rs4680","22","19963748","3835","2552","AG"
"612","rs4680","22","19963748","3905","2610","AA"
"613","rs4680","22","19963748","3837","2553","GG"
"614","rs4680","22","19963748","3923","2623","AG"
"616","rs4680","22","19963748","3856","2566","AG"
"617","rs4680","22","19963748","3876","2583","AG"
"618","rs4680","22","19963748","3775","2501","AG"
"619","rs4680","22","19963748","3897","2604","AG"
"620","rs4680","22","19963748","3882","2590","AA"
"621","rs4680","22","19963748","3921","2621","AA"
"622","rs4680","22","19963748","3763","2491","AA"
"623","rs4680","22","19963748","3779","2503","AG"
"624","rs4680","22","19963748","3896","2603","AG"
"625","rs4680","22","19963748","3883","2589","GG"
"626","rs4680","22","19963748","3873","2581","GG"
"627","rs4680","22","19963748","3795","2558","GG"
"628","rs4680","22","19963748","3881","2588","AA"
"629","rs4680","22","19963748","3772","2498","GG"
"630","rs4680","22","19963748","3885","2592","AA"
"631","rs4680","22","19963748","3908","2613","AG"
"632","rs4680","22","19963748","3824","2542","GG"
"633","rs4680","22","19963748","3810","2531","GG"
"634","rs4680","22","19963748","3861","2571","AA"
"635","rs4680","22","19963748","3814","2534","GG"
"636","rs4680","22","19963748","3670","2530","AA"
"637","rs4680","22","19963748","3753","2486","AG"
"638","rs4680","22","19963748","3805","2527","AG"
"639","rs4680","22","19963748","3820","2538","AG"
"640","rs4680","22","19963748","3823","2541","GG"
"641","rs4680","22","19963748","3773","2499","AA"
"642","rs4680","22","19963748","3895","2602","GG"
"643","rs4680","22","19963748","3723","2462","GG"
"644","rs4680","22","19963748","3848","2562","AA"
"645","rs4680","22","19963748","3798","2521","GG"
"646","rs4680","22","19963748","3734","2471","AG"
"647","rs4680","22","19963748","3866","2576","AG"
"648","rs4680","22","19963748","3764","2492","AG"
"649","rs4680","22","19963748","3864","2574","AA"
"650","rs4680","22","19963748","3851","2565","AG"
"651","rs4680","22","19963748","3780","2506","AG"
"652","rs4680","22","19963748","3747","2482","AG"
"653","rs4680","22","19963748","3877","2584","AA"
"654","rs4680","22","19963748","3739","2475","GG"
"655","rs4680","22","19963748","3766","2493","GG"
"656","rs4680","22","19963748","3821","2539","AG"
"657","rs4680","22","19963748","3833","2550","AG"
"658","rs4680","22","19963748","3826","2544","AG"
"659","rs4680","22","19963748","3812","2533","GG"
"660","rs4680","22","19963748","3815","2535","GG"
"661","rs4680","22","19963748","3791","2516","AG"
"662","rs4680","22","19963748","4260","2894","AG"
"663","rs4680","22","19963748","3774","2500","AA"
"664","rs4680","22","19963748","4346","2918","AG"
"665","rs4680","22","19963748","4252","2888","GG"
"666","rs4680","22","19963748","4253","2889","AG"
"667","rs4680","22","19963748","4243","2881","AA"
"668","rs4680","22","19963748","3732","2469","AG"
"669","rs4680","22","19963748","3743","2479","AG"
"670","rs4680","22","19963748","4216","2862","AG"
"671","rs4680","22","19963748","4345","2921","AA"
"672","rs4680","22","19963748","4217","2863","GG"
"673","rs4680","22","19963748","4230","2874","AA"
"674","rs4680","22","19963748","4200","2852","GG"
"675","rs4680","22","19963748","4257","2891","GG"
"676","rs4680","22","19963748","4201","2853","AG"
"677","rs4680","22","19963748","4159","2820","AG"
"678","rs4680","22","19963748","4168","2825","AA"
"679","rs4680","22","19963748","4163","2822","AA"
"680","rs4680","22","19963748","4150","2814","AA"
"681","rs4680","22","19963748","4232","2875","GG"
"682","rs4680","22","19963748","4176","2834","AG"
"683","rs4680","22","19963748","4190","2843","AG"
"684","rs4680","22","19963748","4169","2826","GG"
"685","rs4680","22","19963748","4157","2818","AG"
"686","rs4680","22","19963748","4174","2832","AA"
"687","rs4680","22","19963748","4866","3427","AG"
"688","rs4680","22","19963748","4863","3424","AA"
"689","rs4680","22","19963748","4862","3423","AA"
"690","rs4680","22","19963748","4861","3422","GG"
"692","rs4680","22","19963748","4837","3420","AA"
"693","rs4680","22","19963748","4832","3407","AA"
"694","rs4680","22","19963748","4851","3419","AG"
"695","rs4680","22","19963748","4849","3418","AG"
"696","rs4680","22","19963748","4845","3416","AG"
"697","rs4680","22","19963748","4844","3415","AG"
"698","rs4680","22","19963748","4192","2845","AA"
"699","rs4680","22","19963748","4191","2844","AG"
"700","rs4680","22","19963748","4181","2839","AG"
"701","rs4680","22","19963748","4154","2817","GG"
"702","rs4680","22","19963748","4173","2831","AA"
"703","rs4680","22","19963748","4029","2821","GG"
"704","rs4680","22","19963748","4166","2824","AA"
"705","rs4680","22","19963748","4134","2800","AG"
"706","rs4680","22","19963748","4130","2797","AG"
"707","rs4680","22","19963748","4142","2808","AA"
"708","rs4680","22","19963748","4136","2803","AG"
"709","rs4680","22","19963748","4141","2807","GG"
"710","rs4680","22","19963748","4146","2810","AA"
"711","rs4680","22","19963748","4171","2830","GG"
"712","rs4680","22","19963748","4138","2805","GG"
"713","rs4680","22","19963748","4143","2809","GG"
"714","rs4680","22","19963748","4140","2806","GG"
"715","rs4680","22","19963748","4148","2812","AA"
"716","rs4680","22","19963748","4164","2823","AG"
"717","rs4680","22","19963748","4127","2793","GG"
"718","rs4680","22","19963748","4111","2783","AG"
"719","rs4680","22","19963748","4116","2785","AA"
"720","rs4680","22","19963748","4104","2777","AG"
"721","rs4680","22","19963748","4153","2816","AG"
"722","rs4680","22","19963748","4129","2796","AA"
"723","rs4680","22","19963748","4152","2815","AG"
"724","rs4680","22","19963748","4147","2811","AG"
"725","rs4680","22","19963748","4149","2813","AG"
"726","rs4680","22","19963748","4137","2804","AG"
"728","rs4680","22","19963748","4125","2791","AA"
"729","rs4680","22","19963748","4124","2790","AG"
"730","rs4680","22","19963748","4108","2780","AG"
"731","rs4680","22","19963748","4107","2781","AG"
"732","rs4680","22","19963748","4133","2799","GG"
"733","rs4680","22","19963748","4119","2786","AA"
"734","rs4680","22","19963748","4126","2792","AG"
"735","rs4680","22","19963748","4110","2782","GG"
"736","rs4680","22","19963748","4097","2772","AG"
"737","rs4680","22","19963748","4135","2801","AG"
"738","rs4680","22","19963748","4106","2779","AG"
"739","rs4680","22","19963748","4102","2776","AG"
"740","rs4680","22","19963748","4095","2771","AG"
"741","rs4680","22","19963748","4090","2770","GA"
"742","rs4680","22","19963748","4089","2769","AA"
"743","rs4680","22","19963748","4087","2767","GG"
"744","rs4680","22","19963748","4084","2766","AG"
"745","rs4680","22","19963748","4083","2765","AG"
"746","rs4680","22","19963748","4080","2764","AA"
"747","rs4680","22","19963748","4077","2763","AG"
"748","rs4680","22","19963748","4064","2752","AG"
"749","rs4680","22","19963748","4075","2761","AG"
"750","rs4680","22","19963748","4076","2762","GG"
"751","rs4680","22","19963748","4065","2753","GG"
"752","rs4680","22","19963748","4074","2760","GG"
"753","rs4680","22","19963748","4063","2751","GG"
"754","rs4680","22","19963748","4058","2743","AA"
"755","rs4680","22","19963748","4057","2742","AG"
"756","rs4680","22","19963748","4060","2748","AG"
"757","rs4680","22","19963748","4068","2755","AG"
"758","rs4680","22","19963748","4067","2754","AG"
"759","rs4680","22","19963748","4073","2759","AG"
"760","rs4680","22","19963748","3563","2332","GG"
"761","rs4680","22","19963748","4069","2757","GG"
"762","rs4680","22","19963748","4062","2750","AG"
"763","rs4680","22","19963748","4059","2745","AG"
"764","rs4680","22","19963748","4054","2739","AA"
"765","rs4680","22","19963748","3974","2744","GG"
"766","rs4680","22","19963748","4052","2738","AG"
"767","rs4680","22","19963748","4051","2737","AG"
"768","rs4680","22","19963748","4056","2741","AG"
"769","rs4680","22","19963748","4055","2740","AG"
"770","rs4680","22","19963748","4048","2734","AG"
"771","rs4680","22","19963748","4049","2735","AA"
"772","rs4680","22","19963748","4041","2729","AG"
"773","rs4680","22","19963748","4050","2736","GG"
"774","rs4680","22","19963748","4039","2728","GG"
"775","rs4680","22","19963748","4043","2731","AA"
"776","rs4680","22","19963748","4042","2730","AG"
"777","rs4680","22","19963748","4036","2726","AA"
"778","rs4680","22","19963748","4034","2725","GG"
"779","rs4680","22","19963748","4044","2732","AG"
"780","rs4680","22","19963748","4038","2727","AA"
"781","rs4680","22","19963748","4033","2723","AG"
"782","rs4680","22","19963748","4032","2722","AA"
"783","rs4680","22","19963748","4019","2717","AA"
"784","rs4680","22","19963748","4030","2719","AG"
"785","rs4680","22","19963748","4023","2713","AG"
"786","rs4680","22","19963748","4025","2714","GG"
"787","rs4680","22","19963748","4014","2705","AG"
"788","rs4680","22","19963748","2191","2718","GG"
"789","rs4680","22","19963748","4022","2712","AA"
"790","rs4680","22","19963748","4004","2698","AA"
"791","rs4680","22","19963748","4021","2711","GG"
"792","rs4680","22","19963748","4006","2699","AG"
"793","rs4680","22","19963748","4001","2695","GG"
"794","rs4680","22","19963748","4018","2709","AG"
"795","rs4680","22","19963748","3712","2451","AG"
"796","rs4680","22","19963748","3687","2432","AG"
"797","rs4680","22","19963748","991",NA,NA
"798","rs4680","22","19963748","3717","2457","AG"
"799","rs4680","22","19963748","3690","2435","AG"
"800","rs4680","22","19963748","3708","2449","AA"
"801","rs4680","22","19963748","814","2442","GG"
"802","rs4680","22","19963748","3706","2446","AG"
"803","rs4680","22","19963748","3703","2444","AG"
"804","rs4680","22","19963748","3594","2443","AG"
"805","rs4680","22","19963748","3605","2365","AA"
"806","rs4680","22","19963748","3705","2445","AG"
"807","rs4680","22","19963748","3679","2426","GG"
"808","rs4680","22","19963748","3598","2360","AA"
"809","rs4680","22","19963748","8","2","AG"
"810","rs4680","22","19963748","10","3","AA"
"811","rs4680","22","19963748","13","4","AG"
"812","rs4680","22","19963748","6","5","GG"
"813","rs4680","22","19963748","14","6","AG"
"814","rs4680","22","19963748","19","7","AG"
"815","rs4680","22","19963748","22","8","GG"
"816","rs4680","22","19963748","1","9","AG"
"817","rs4680","22","19963748","26","10","AG"
"818","rs4680","22","19963748","33","12","AG"
"819","rs4680","22","19963748","36","14","AA"
"820","rs4680","22","19963748","38","16","AG"
"821","rs4680","22","19963748","39","17","AA"
"822","rs4680","22","19963748","42","18","AA"
"823","rs4680","22","19963748","44","19","AG"
"824","rs4680","22","19963748","47","21","AG"
"825","rs4680","22","19963748","53","22","AG"
"826","rs4680","22","19963748","54","23","AG"
"827","rs4680","22","19963748","55","24","AG"
"828","rs4680","22","19963748","56","25","AG"
"829","rs4680","22","19963748","58","26","AG"
"830","rs4680","22","19963748","60","27","GG"
"831","rs4680","22","19963748","61","28","AG"
"832","rs4680","22","19963748","62","29","AG"
"833","rs4680","22","19963748","64","30","AA"
"834","rs4680","22","19963748","63","31","AG"
"835","rs4680","22","19963748","40","32","AG"
"836","rs4680","22","19963748","69","33","AA"
"837","rs4680","22","19963748","70","34","AG"
"838","rs4680","22","19963748","59","35","GG"
"839","rs4680","22","19963748","72","36","AG"
"840","rs4680","22","19963748","71","38","AA"
"841","rs4680","22","19963748","75","39","AG"
"842","rs4680","22","19963748","77","40","TT"
"843","rs4680","22","19963748","80","41","AG"
"844","rs4680","22","19963748","81","42","AG"
"845","rs4680","22","19963748","82","43","AA"
"846","rs4680","22","19963748","91","46","AG"
"847","rs4680","22","19963748","74","48","GG"
"848","rs4680","22","19963748","99","49","AG"
"849","rs4680","22","19963748","103","50","GG"
"850","rs4680","22","19963748","107","51","AG"
"851","rs4680","22","19963748","118","52","AA"
"852","rs4680","22","19963748","117","53","AG"
"853","rs4680","22","19963748","123","54","AA"
"854","rs4680","22","19963748","124","55","AG"
"855","rs4680","22","19963748","125","56","GG"
"856","rs4680","22","19963748","126","57","GG"
"857","rs4680","22","19963748","137","58","GG"
"858","rs4680","22","19963748","139","59","AA"
"859","rs4680","22","19963748","141","60","AG"
"860","rs4680","22","19963748","144","61","GG"
"861","rs4680","22","19963748","146","62","GG"
"862","rs4680","22","19963748","148","63","AA"
"863","rs4680","22","19963748","154","65","AG"
"864","rs4680","22","19963748","159","67","AA"
"865","rs4680","22","19963748","161","68","GG"
"866","rs4680","22","19963748","165","71","AG"
"867","rs4680","22","19963748","111","72","AG"
"868","rs4680","22","19963748","168","73","GG"
"869","rs4680","22","19963748","169","74","GG"
"870","rs4680","22","19963748","143","75","AG"
"871","rs4680","22","19963748","175","76","AG"
"872","rs4680","22","19963748","177","78","AG"
"873","rs4680","22","19963748","181","79","AG"
"874","rs4680","22","19963748","183","80","AG"
"875","rs4680","22","19963748","192","82","AG"
"876","rs4680","22","19963748","200","84","AG"
"877","rs4680","22","19963748","202","85","AG"
"878","rs4680","22","19963748","199","86","GG"
"879","rs4680","22","19963748","203","87","AA"
"880","rs4680","22","19963748","204","88","AG"
"881","rs4680","22","19963748","207","89","GG"
"882","rs4680","22","19963748","212","90","AG"
"883","rs4680","22","19963748","215","91","AA"
"884","rs4680","22","19963748","217","92","AG"
"885","rs4680","22","19963748","231","93","AG"
"886","rs4680","22","19963748","240","94","AG"
"887","rs4680","22","19963748","251","97","AG"
"888","rs4680","22","19963748","253","98","AA"
"889","rs4680","22","19963748","252","99","GG"
"890","rs4680","22","19963748","254",NA,NA
"891","rs4680","22","19963748","258","101","AG"
"892","rs4680","22","19963748","229","102","AG"
"893","rs4680","22","19963748","262","103","AG"
"894","rs4680","22","19963748","266","104","GG"
"895","rs4680","22","19963748","267","105","AG"
"896","rs4680","22","19963748","268","106","AA"
"897","rs4680","22","19963748","216","109","AA"
"898","rs4680","22","19963748","276","110","AG"
"899","rs4680","22","19963748","279","113","GG"
"900","rs4680","22","19963748","280","114","AG"
"901","rs4680","22","19963748","284","117","GG"
"902","rs4680","22","19963748","285","118","AA"
"903","rs4680","22","19963748","51","119","AG"
"904","rs4680","22","19963748","287","120","AG"
"905","rs4680","22","19963748","288","121","GG"
"906","rs4680","22","19963748","294","125","AG"
"907","rs4680","22","19963748","295","126","AG"
"908","rs4680","22","19963748","296","127","AA"
"909","rs4680","22","19963748","301","131","GG"
"910","rs4680","22","19963748","305","133","AA"
"911","rs4680","22","19963748","3997","2691","GG"
"912","rs4680","22","19963748","3995","2689","AG"
"913","rs4680","22","19963748","4015","2707","AG"
"914","rs4680","22","19963748","3984","2680","GG"
"915","rs4680","22","19963748","3979","2674","AA"
"916","rs4680","22","19963748","4016","2706","AG"
"917","rs4680","22","19963748","3983","2679","AG"
"918","rs4680","22","19963748","3993","2687","AA"
"919","rs4680","22","19963748","3992","2686","AA"
"920","rs4680","22","19963748","3994","2688","AG"
"921","rs4680","22","19963748","4009","2701","GG"
"922","rs4680","22","19963748","3976","2671","AG"
"923","rs4680","22","19963748","4000","2694","AA"
"924","rs4680","22","19963748","3978","2673","GG"
"925","rs4680","22","19963748","3977","2672","AG"
"926","rs4680","22","19963748","3972","2668","AA"
"927","rs4680","22","19963748","3965","2662","AG"
"928","rs4680","22","19963748","3958","2656","AG"
"929","rs4680","22","19963748","3990","2684","AG"
"930","rs4680","22","19963748","3957","2655","GG"
"931","rs4680","22","19963748","3991","2685","AA"
"932","rs4680","22","19963748","3969","2665","AG"
"933","rs4680","22","19963748","3952","2649","AG"
"934","rs4680","22","19963748","4003","2697","AG"
"935","rs4680","22","19963748","3938","2639","AG"
"936","rs4680","22","19963748","3967","2663","AA"
"937","rs4680","22","19963748","3988","2683","AA"
"938","rs4680","22","19963748","3959","2657","AG"
"939","rs4680","22","19963748","3971","2666","AG"
"940","rs4680","22","19963748","3982","2678","AA"
"941","rs4680","22","19963748","3987","2682","AG"
"942","rs4680","22","19963748","3961","2659","GG"
"943","rs4680","22","19963748","3930","2629","GG"
"944","rs4680","22","19963748","3935","2635","AG"
"945","rs4680","22","19963748","3600","2362","GG"
"946","rs4680","22","19963748","3597","2363","AA"
"947","rs4680","22","19963748","3695","2438","GG"
"948","rs4680","22","19963748","3697","2441","AG"
"949","rs4680","22","19963748","3611","2372","AG"
"950","rs4680","22","19963748","3689","2434","AG"
"951","rs4680","22","19963748","311","136","AG"
"952","rs4680","22","19963748","314","137","AG"
"953","rs4680","22","19963748","313","138","AG"
"954","rs4680","22","19963748","317","139","GG"
"955","rs4680","22","19963748","322","141","AA"
"956","rs4680","22","19963748","323","142","AG"
"957","rs4680","22","19963748","17","143","GG"
"958","rs4680","22","19963748","326","144","AA"
"959","rs4680","22","19963748","330","146","AG"
"960","rs4680","22","19963748","332","147","AG"
"961","rs4680","22","19963748","329","148","GG"
"962","rs4680","22","19963748","325","149","GG"
"963","rs4680","22","19963748","339",NA,NA
"964","rs4680","22","19963748","337","152","AA"
"965","rs4680","22","19963748","160","153","AG"
"966","rs4680","22","19963748","341","155","AG"
"967","rs4680","22","19963748","347","157","AG"
"968","rs4680","22","19963748","86","159","GG"
"969","rs4680","22","19963748","349","160","AG"
"970","rs4680","22","19963748","352","161","AG"
"971","rs4680","22","19963748","304","162","AA"
"972","rs4680","22","19963748","357","163","AA"
"973","rs4680","22","19963748","363","165","AA"
"974","rs4680","22","19963748","366","167","AG"
"975","rs4680","22","19963748","368","168","AA"
"976","rs4680","22","19963748","374","169","GG"
"977","rs4680","22","19963748","377","171","GG"
"978","rs4680","22","19963748","380","172","AA"
"979","rs4680","22","19963748","387","173","AG"
"980","rs4680","22","19963748","189","174","AG"
"981","rs4680","22","19963748","394","175","GG"
"982","rs4680","22","19963748","11","176","AG"
"983","rs4680","22","19963748","397","178","AA"
"984","rs4680","22","19963748","407","182","AA"
"985","rs4680","22","19963748","411","183","AG"
"986","rs4680","22","19963748","420","184","GG"
"987","rs4680","22","19963748","423","185","AA"
"988","rs4680","22","19963748","429","187","AG"
"989","rs4680","22","19963748","436","189","AG"
"990","rs4680","22","19963748","437","190","GG"
"991","rs4680","22","19963748","439","191","AG"
"992","rs4680","22","19963748","345","192","AA"
"993","rs4680","22","19963748","440","193","AG"
"994","rs4680","22","19963748","464","198","GG"
"995","rs4680","22","19963748","441","199","GG"
"996","rs4680","22","19963748","468","200","AA"
"997","rs4680","22","19963748","469","201","GG"
"998","rs4680","22","19963748","409","202","AG"
"999","rs4680","22","19963748","473","208","GG"
"1000","rs4680","22","19963748","35","210","GA"
"1001","rs4680","22","19963748","475","211","AG"
"1002","rs4680","22","19963748","478","212","AG"
"1003","rs4680","22","19963748","479","213","AA"
"1004","rs4680","22","19963748","480","214","GG"
"1005","rs4680","22","19963748","481","215","AA"
"1006","rs4680","22","19963748","483","216","GG"
"1007","rs4680","22","19963748","484","217","AG"
"1008","rs4680","22","19963748","486","218","AG"
"1009","rs4680","22","19963748","494","222","AG"
"1010","rs4680","22","19963748","495","223","AA"
"1011","rs4680","22","19963748","497","224","GG"
"1012","rs4680","22","19963748","501","225","GG"
"1013","rs4680","22","19963748","502","226","AG"
"1014","rs4680","22","19963748","505","229","GG"
"1015","rs4680","22","19963748","510","232","AA"
"1016","rs4680","22","19963748","513","234","GG"
"1017","rs4680","22","19963748","518","235","GG"
"1018","rs4680","22","19963748","519","236","AG"
"1019","rs4680","22","19963748","526","239","AG"
"1020","rs4680","22","19963748","528","240","AA"
"1021","rs4680","22","19963748","530","241","AA"
"1022","rs4680","22","19963748","533","242","AA"
"1023","rs4680","22","19963748","539","246","AG"
"1024","rs4680","22","19963748","541","247","AA"
"1025","rs4680","22","19963748","542","249","GG"
"1026","rs4680","22","19963748","544","250","GG"
"1027","rs4680","22","19963748","549","252","AG"
"1028","rs4680","22","19963748","555","253","AG"
"1029","rs4680","22","19963748","556","254","GG"
"1030","rs4680","22","19963748","558","255","AG"
"1031","rs4680","22","19963748","554","256","AG"
"1032","rs4680","22","19963748","561","257","AG"
"1033","rs4680","22","19963748","563","258","AG"
"1034","rs4680","22","19963748","567","259","AG"
"1035","rs4680","22","19963748","569","260","GG"
"1036","rs4680","22","19963748","572","261","AA"
"1037","rs4680","22","19963748","574","262","AG"
"1038","rs4680","22","19963748","581","266","AG"
"1039","rs4680","22","19963748","187","267","AA"
"1040","rs4680","22","19963748","583","268","AG"
"1041","rs4680","22","19963748","584","269","AG"
"1042","rs4680","22","19963748","585","270","AA"
"1043","rs4680","22","19963748","589","273","GG"
"1044","rs4680","22","19963748","503","274","AG"
"1045","rs4680","22","19963748","594","276","AA"
"1046","rs4680","22","19963748","595","277","AA"
"1047","rs4680","22","19963748","602","279","AG"
"1048","rs4680","22","19963748","604","280","AG"
"1049","rs4680","22","19963748","607","281","GG"
"1050","rs4680","22","19963748","608","282","AG"
"1051","rs4680","22","19963748","613","285","AG"
"1052","rs4680","22","19963748","615","287","AG"
"1053","rs4680","22","19963748","616","288","AG"
"1054","rs4680","22","19963748","617","289","AA"
"1055","rs4680","22","19963748","626","290","AG"
"1056","rs4680","22","19963748","627","291","AG"
"1057","rs4680","22","19963748","636","292","AA"
"1058","rs4680","22","19963748","637","293","GG"
"1059","rs4680","22","19963748","642","294","AG"
"1060","rs4680","22","19963748","644","295","AA"
"1061","rs4680","22","19963748","645","296","AG"
"1062","rs4680","22","19963748","646","297","GG"
"1063","rs4680","22","19963748","648","298","AA"
"1064","rs4680","22","19963748","650","299","AG"
"1065","rs4680","22","19963748","651","300","AG"
"1066","rs4680","22","19963748","610","301","GG"
"1067","rs4680","22","19963748","662","304","AG"
"1068","rs4680","22","19963748","663","305","AG"
"1069","rs4680","22","19963748","664","306","AG"
"1070","rs4680","22","19963748","667","308","GG"
"1071","rs4680","22","19963748","672","311","AG"
"1072","rs4680","22","19963748","673","312","AG"
"1073","rs4680","22","19963748","675","313","AG"
"1074","rs4680","22","19963748","678","315","AA"
"1075","rs4680","22","19963748","328","316","GG"
"1076","rs4680","22","19963748","682","317","AA"
"1077","rs4680","22","19963748","90","318","AG"
"1078","rs4680","22","19963748","684","319","AA"
"1079","rs4680","22","19963748","688","320","GG"
"1080","rs4680","22","19963748","693","321","GG"
"1081","rs4680","22","19963748","180","322","AA"
"1082","rs4680","22","19963748","704","323","AG"
"1083","rs4680","22","19963748","706","326","GG"
"1084","rs4680","22","19963748","430","328","AG"
"1085","rs4680","22","19963748","707","329","AG"
"1086","rs4680","22","19963748","708","330","AA"
"1087","rs4680","22","19963748","716","332","AA"
"1088","rs4680","22","19963748","717","333","AG"
"1089","rs4680","22","19963748","649","335","AA"
"1090","rs4680","22","19963748","721","336","AG"
"1091","rs4680","22","19963748","722","337","GG"
"1092","rs4680","22","19963748","726","338","GG"
"1093","rs4680","22","19963748","729","339","AG"
"1094","rs4680","22","19963748","732","342","AG"
"1095","rs4680","22","19963748","735","344","AG"
"1096","rs4680","22","19963748","738","348","AG"
"1097","rs4680","22","19963748","740","349","GG"
"1098","rs4680","22","19963748","715","350","AG"
"1099","rs4680","22","19963748","745","352","GG"
"1100","rs4680","22","19963748","747","353","AA"
"1101","rs4680","22","19963748","748","354","AG"
"1102","rs4680","22","19963748","749","355","AA"
"1103","rs4680","22","19963748","754","356","GG"
"1104","rs4680","22","19963748","761","360","AA"
"1105","rs4680","22","19963748","762","361","AG"
"1106","rs4680","22","19963748","764","362","AA"
"1107","rs4680","22","19963748","775","365","GG"
"1108","rs4680","22","19963748","776","366","AG"
"1109","rs4680","22","19963748","777","367","AG"
"1110","rs4680","22","19963748","778","368","AA"
"1111","rs4680","22","19963748","779","369","AG"
"1112","rs4680","22","19963748","782","371","GG"
"1113","rs4680","22","19963748","781","372","AG"
"1114","rs4680","22","19963748","788","374","AG"
"1115","rs4680","22","19963748","790","376","AA"
"1116","rs4680","22","19963748","792","377","AA"
"1117","rs4680","22","19963748","785","378","AG"
"1118","rs4680","22","19963748","795","379","AG"
"1119","rs4680","22","19963748","798","380","AG"
"1120","rs4680","22","19963748","799","381","AG"
"1121","rs4680","22","19963748","763","382","AA"
"1122","rs4680","22","19963748","803","383","GG"
"1123","rs4680","22","19963748","805","386","AG"
"1124","rs4680","22","19963748","758","387","AG"
"1125","rs4680","22","19963748","806","388","AA"
"1126","rs4680","22","19963748","807","389","AG"
"1127","rs4680","22","19963748","808","390","GG"
"1128","rs4680","22","19963748","810","391","AG"
"1129","rs4680","22","19963748","811","393","AA"
"1130","rs4680","22","19963748","813","394","AA"
"1131","rs4680","22","19963748","816","395","GG"
"1132","rs4680","22","19963748","820","397","AA"
"1133","rs4680","22","19963748","784","400","AA"
"1134","rs4680","22","19963748","609","401","AG"
"1135","rs4680","22","19963748","832","410","AG"
"1136","rs4680","22","19963748","836","413","AA"
"1137","rs4680","22","19963748","839","415","GG"
"1138","rs4680","22","19963748","842","417","AG"
"1139","rs4680","22","19963748","845","418","AG"
"1140","rs4680","22","19963748","850","420","GG"
"1141","rs4680","22","19963748","853","423","GG"
"1142","rs4680","22","19963748","854","424","AG"
"1143","rs4680","22","19963748","855","425","GG"
"1144","rs4680","22","19963748","869","426","GG"
"1145","rs4680","22","19963748","865","427","AA"
"1146","rs4680","22","19963748","885",NA,NA
"1147","rs4680","22","19963748","887","432","AA"
"1148","rs4680","22","19963748","899","436","AG"
"1149","rs4680","22","19963748","903","438","AG"
"1150","rs4680","22","19963748","466","447","AG"
"1151","rs4680","22","19963748","910","448","AG"
"1152","rs4680","22","19963748","911","449","AG"
"1153","rs4680","22","19963748","912","450","AG"
"1154","rs4680","22","19963748","915","451","GG"
"1155","rs4680","22","19963748","916","452","AG"
"1156","rs4680","22","19963748","917","453","AG"
"1157","rs4680","22","19963748","918","454","AG"
"1158","rs4680","22","19963748","924","462","AG"
"1159","rs4680","22","19963748","926","463","AG"
"1160","rs4680","22","19963748","928","465","GG"
"1161","rs4680","22","19963748","939","469","AG"
"1162","rs4680","22","19963748","943","470","GG"
"1163","rs4680","22","19963748","669","471","GG"
"1164","rs4680","22","19963748","945","472","AG"
"1165","rs4680","22","19963748","951","474","AA"
"1166","rs4680","22","19963748","952","475","AA"
"1167","rs4680","22","19963748","954","478","AG"
"1168","rs4680","22","19963748","966","479","AG"
"1169","rs4680","22","19963748","968","482","AG"
"1170","rs4680","22","19963748","972","483","GG"
"1171","rs4680","22","19963748","975","484","GG"
"1172","rs4680","22","19963748","980","486","GG"
"1173","rs4680","22","19963748","984","488","AA"
"1174","rs4680","22","19963748","988","490","AG"
"1175","rs4680","22","19963748","990","492","AG"
"1176","rs4680","22","19963748","1002","497","AG"
"1177","rs4680","22","19963748","1006","499","AG"
"1178","rs4680","22","19963748","1010","502","AA"
"1179","rs4680","22","19963748","1013","503","AA"
"1180","rs4680","22","19963748","319","504","GG"
"1181","rs4680","22","19963748","1020","507","AG"
"1182","rs4680","22","19963748","1022","508","AA"
"1183","rs4680","22","19963748","1024","510","AA"
"1184","rs4680","22","19963748","1026","511","GG"
"1185","rs4680","22","19963748","1028","514","GG"
"1186","rs4680","22","19963748","1029","515","GG"
"1187","rs4680","22","19963748","1034","517","AG"
"1188","rs4680","22","19963748","1036","519","AG"
"1189","rs4680","22","19963748","1038","520","GG"
"1190","rs4680","22","19963748","1039","521","AA"
"1191","rs4680","22","19963748","1040","522","AG"
"1192","rs4680","22","19963748","1041","523","GG"
"1193","rs4680","22","19963748","1045","526","AG"
"1194","rs4680","22","19963748","1046","527","AG"
"1195","rs4680","22","19963748","1047","528","GG"
"1196","rs4680","22","19963748","1048","529","AG"
"1197","rs4680","22","19963748","1051","530","AG"
"1198","rs4680","22","19963748","1053","531","AA"
"1199","rs4680","22","19963748","1058","533","AG"
"1200","rs4680","22","19963748","1059","535","AA"
"1201","rs4680","22","19963748","1060","536","AG"
"1202","rs4680","22","19963748","1062","538","AA"
"1203","rs4680","22","19963748","1063","540","GG"
"1204","rs4680","22","19963748","1005","541","AG"
"1205","rs4680","22","19963748","1064","542","AG"
"1206","rs4680","22","19963748","1066","543","GG"
"1207","rs4680","22","19963748","685","545","AA"
"1208","rs4680","22","19963748","1072","548","AA"
"1209","rs4680","22","19963748","1075","550","AG"
"1210","rs4680","22","19963748","1077","551","AG"
"1211","rs4680","22","19963748","1071","552","AG"
"1212","rs4680","22","19963748","1079","554","AG"
"1213","rs4680","22","19963748","1085","557","AA"
"1214","rs4680","22","19963748","1087","558","GG"
"1215","rs4680","22","19963748","1089","559","AA"
"1216","rs4680","22","19963748","1091","560","AG"
"1217","rs4680","22","19963748","1094","563","GG"
"1218","rs4680","22","19963748","1097","564","AG"
"1219","rs4680","22","19963748","1103","565","AG"
"1220","rs4680","22","19963748","1033","567","AG"
"1221","rs4680","22","19963748","1106","568","GG"
"1222","rs4680","22","19963748","1112","573","AG"
"1223","rs4680","22","19963748","1114","574","AG"
"1224","rs4680","22","19963748","1118","576","AG"
"1225","rs4680","22","19963748","1119","577","AG"
"1226","rs4680","22","19963748","1121","578","AG"
"1227","rs4680","22","19963748","1123","580","AG"
"1228","rs4680","22","19963748","1125","582","AG"
"1229","rs4680","22","19963748","1129","583","AG"
"1230","rs4680","22","19963748","1131","585","GG"
"1231","rs4680","22","19963748","1133","587","GG"
"1232","rs4680","22","19963748","1134","588","AA"
"1233","rs4680","22","19963748","1137","590","AA"
"1234","rs4680","22","19963748","1138","591","AG"
"1235","rs4680","22","19963748","1139","592","AG"
"1236","rs4680","22","19963748","1142","593","AG"
"1237","rs4680","22","19963748","1146","595","AG"
"1238","rs4680","22","19963748","1100","606","GG"
"1239","rs4680","22","19963748","1176","612","AG"
"1240","rs4680","22","19963748","1179","615","AG"
"1241","rs4680","22","19963748","1184",NA,NA
"1242","rs4680","22","19963748","1185","619","GG"
"1243","rs4680","22","19963748","1187","621","AG"
"1244","rs4680","22","19963748","1188","622","AG"
"1245","rs4680","22","19963748","1209","638","AG"
"1246","rs4680","22","19963748","1246","657","GG"
"1247","rs4680","22","19963748","1251","662","AG"
"1248","rs4680","22","19963748","1255","663","AG"
"1249","rs4680","22","19963748","1258","664","AG"
"1250","rs4680","22","19963748","1262","667","AG"
"1251","rs4680","22","19963748","1264","668","AG"
"1252","rs4680","22","19963748","1265","669","GG"
"1253","rs4680","22","19963748","1266","670","AG"
"1254","rs4680","22","19963748","1269","673","GG"
"1255","rs4680","22","19963748","1273","675","AA"
"1256","rs4680","22","19963748","1275","676","AG"
"1257","rs4680","22","19963748","1278","678","AG"
"1258","rs4680","22","19963748","1279","679","GG"
"1259","rs4680","22","19963748","1281","682","GG"
"1260","rs4680","22","19963748","1283","683","AA"
"1261","rs4680","22","19963748","1285","684","AG"
"1262","rs4680","22","19963748","1286","685","AA"
"1263","rs4680","22","19963748","1288","686","AA"
"1264","rs4680","22","19963748","1290","688","GG"
"1265","rs4680","22","19963748","1297","690","AA"
"1266","rs4680","22","19963748","1304","692","AG"
"1267","rs4680","22","19963748","1305","693","GG"
"1268","rs4680","22","19963748","1301","694","GG"
"1269","rs4680","22","19963748","1307","696","GG"
"1270","rs4680","22","19963748","1310","698","AG"
"1271","rs4680","22","19963748","1319","701","GG"
"1272","rs4680","22","19963748","1325","706","AA"
"1273","rs4680","22","19963748","1328","708","AG"
"1274","rs4680","22","19963748","1330","710","AA"
"1275","rs4680","22","19963748","1338","711","GG"
"1276","rs4680","22","19963748","1342","714","AG"
"1277","rs4680","22","19963748","1361","716","AG"
"1278","rs4680","22","19963748","1364","718","AA"
"1279","rs4680","22","19963748","1312","720","GG"
"1280","rs4680","22","19963748","1366","721","GG"
"1281","rs4680","22","19963748","1368","722","AG"
"1282","rs4680","22","19963748","1372","723","AG"
"1283","rs4680","22","19963748","1373","724","GG"
"1284","rs4680","22","19963748","1374","725","GG"
"1285","rs4680","22","19963748","1375","726","GG"
"1286","rs4680","22","19963748","1376","727","AG"
"1287","rs4680","22","19963748","1377","728","GG"
"1288","rs4680","22","19963748","1378","729","GG"
"1289","rs4680","22","19963748","1379","730","AG"
"1290","rs4680","22","19963748","1381","732","AA"
"1291","rs4680","22","19963748","1382","733","AG"
"1292","rs4680","22","19963748","1387","736","GG"
"1293","rs4680","22","19963748","1388","737","AG"
"1294","rs4680","22","19963748","1389","738","AG"
"1295","rs4680","22","19963748","1390","741","AG"
"1296","rs4680","22","19963748","1392","742","GG"
"1297","rs4680","22","19963748","1393","743","AG"
"1298","rs4680","22","19963748","1394","744","AA"
"1299","rs4680","22","19963748","1395","745","AA"
"1300","rs4680","22","19963748","1401","749","GG"
"1301","rs4680","22","19963748","1402","750","AG"
"1302","rs4680","22","19963748","1404","752","AA"
"1303","rs4680","22","19963748","1405","756","AG"
"1304","rs4680","22","19963748","1409","757","AA"
"1305","rs4680","22","19963748","1411","758","GG"
"1306","rs4680","22","19963748","1412","759","AG"
"1307","rs4680","22","19963748","1414","760","AG"
"1308","rs4680","22","19963748","1416","761","AA"
"1309","rs4680","22","19963748","1417","762","AA"
"1310","rs4680","22","19963748","1457","795","AG"
"1311","rs4680","22","19963748","4295","3019","AG"
"1312","rs4680","22","19963748","4418","3017","AA"
"1313","rs4680","22","19963748","4415","3015","AG"
"1314","rs4680","22","19963748","4413","3014","GG"
"1315","rs4680","22","19963748","4414","3013","GG"
"1316","rs4680","22","19963748","4412","3011","AG"
"1317","rs4680","22","19963748","4411","3009","AG"
"1318","rs4680","22","19963748","4410","3008","GG"
"1319","rs4680","22","19963748","4409","3007","AA"
"1320","rs4680","22","19963748","4406","3006","AA"
"1321","rs4680","22","19963748","4404","3004","AA"
"1322","rs4680","22","19963748","4403","3003","AG"
"1323","rs4680","22","19963748","4402","3002","GG"
"1324","rs4680","22","19963748","4400","3000","AA"
"1325","rs4680","22","19963748","4399","2999","AA"
"1326","rs4680","22","19963748","4392","2994","AG"
"1327","rs4680","22","19963748","4280","2993","GG"
"1328","rs4680","22","19963748","4388","2992","GG"
"1329","rs4680","22","19963748","4387","2991","AG"
"1330","rs4680","22","19963748","4381","2990","AG"
"1331","rs4680","22","19963748","4385","2989","AG"
"1332","rs4680","22","19963748","4383","2988","AG"
"1333","rs4680","22","19963748","4380","2985","AA"
"1334","rs4680","22","19963748","4374","2981","AA"
"1335","rs4680","22","19963748","3973","2669","AG"
"1336","rs4680","22","19963748","3945","2644","GG"
"1337","rs4680","22","19963748","3955","2653","AG"
"1338","rs4680","22","19963748","3948","2651","AG"
"1339","rs4680","22","19963748","3934","2634","AG"
"1340","rs4680","22","19963748","3919","2620","AG"
"1341","rs4680","22","19963748","3947","2646","GG"
"1342","rs4680","22","19963748","3954","2652","GG"
"1343","rs4680","22","19963748","3964","2661","AG"
"1344","rs4680","22","19963748","3963","2660","AA"
"1345","rs4680","22","19963748","3910","2615","AA"
"1346","rs4680","22","19963748","4370","2942","AG"
"1348","rs4680","22","19963748","4367","2940","AG"
"1349","rs4680","22","19963748","4365","2937","AG"
"1350","rs4680","22","19963748","1419","764","AA"
"1351","rs4680","22","19963748","1420","766","AG"
"1352","rs4680","22","19963748","1422",NA,NA
"1353","rs4680","22","19963748","1424","769","GG"
"1354","rs4680","22","19963748","1427","770","AG"
"1355","rs4680","22","19963748","1429","771","AG"
"1356","rs4680","22","19963748","1430","772","AG"
"1357","rs4680","22","19963748","1438","780","GG"
"1358","rs4680","22","19963748","1439","781","AA"
"1359","rs4680","22","19963748","1440","782","GG"
"1360","rs4680","22","19963748","1441","783","GG"
"1361","rs4680","22","19963748","1442","784","AG"
"1362","rs4680","22","19963748","1444","785","AG"
"1363","rs4680","22","19963748","1445","787","GG"
"1364","rs4680","22","19963748","1446","788","AG"
"1365","rs4680","22","19963748","1447","789","AG"
"1366","rs4680","22","19963748","1448","790","AA"
"1367","rs4680","22","19963748","1450","791","AG"
"1368","rs4680","22","19963748","1455","794","AA"
"1370","rs4680","22","19963748","1458","798","AG"
"1371","rs4680","22","19963748","1459","799","AA"
"1372","rs4680","22","19963748","1462","801","GG"
"1373","rs4680","22","19963748","1463","802","AA"
"1374","rs4680","22","19963748","1465","803","AG"
"1375","rs4680","22","19963748","1466","804","AA"
"1376","rs4680","22","19963748","1467","805","AG"
"1377","rs4680","22","19963748","1468","806","GG"
"1378","rs4680","22","19963748","1470","807","AG"
"1379","rs4680","22","19963748","1471","808","AA"
"1380","rs4680","22","19963748","1473","809","GG"
"1381","rs4680","22","19963748","1493","812","GA"
"1382","rs4680","22","19963748","1494","814","AG"
"1383","rs4680","22","19963748","1495","815","GG"
"1384","rs4680","22","19963748","1496","816","AG"
"1385","rs4680","22","19963748","1498","817","GG"
"1386","rs4680","22","19963748","1499","818","AA"
"1387","rs4680","22","19963748","1500","819","AA"
"1388","rs4680","22","19963748","1501","820","AG"
"1389","rs4680","22","19963748","1503","821","AG"
"1390","rs4680","22","19963748","1505","823","AG"
"1391","rs4680","22","19963748","1507","824","GG"
"1392","rs4680","22","19963748","1508","825","AG"
"1394","rs4680","22","19963748","1512","828","AG"
"1395","rs4680","22","19963748","1502","829","GG"
"1396","rs4680","22","19963748","1092","835","AG"
"1397","rs4680","22","19963748","1519","836","AG"
"1398","rs4680","22","19963748","1521","838","AG"
"1399","rs4680","22","19963748","1522","839","AG"
"1400","rs4680","22","19963748","1523","840","AG"
"1401","rs4680","22","19963748","1524","841","AA"
"1402","rs4680","22","19963748","1525","842","AA"
"1403","rs4680","22","19963748","1531","843","AG"
"1404","rs4680","22","19963748","1532","844","GG"
"1405","rs4680","22","19963748","1537","846","AG"
"1406","rs4680","22","19963748","1542","849","AG"
"1407","rs4680","22","19963748","1543","851","AG"
"1408","rs4680","22","19963748","1544","852","GG"
"1409","rs4680","22","19963748","1546","855","AG"
"1410","rs4680","22","19963748","999","856","AG"
"1411","rs4680","22","19963748","1068","857","GG"
"1412","rs4680","22","19963748","1548","859","AG"
"1413","rs4680","22","19963748","1573","880","AG"
"1414","rs4680","22","19963748","1578","883","GG"
"1415","rs4680","22","19963748","1580","885","AG"
"1416","rs4680","22","19963748","1600","901","AG"
"1417","rs4680","22","19963748","1603","902","AG"
"1418","rs4680","22","19963748","1605","904","AG"
"1419","rs4680","22","19963748","1609","907","AG"
"1420","rs4680","22","19963748","1610","909","AA"
"1421","rs4680","22","19963748","1611","910","AG"
"1422","rs4680","22","19963748","153","911","AG"
"1423","rs4680","22","19963748","1613","912","GG"
"1424","rs4680","22","19963748","1615","913","AA"
"1425","rs4680","22","19963748","1616","914","AG"
"1426","rs4680","22","19963748","1617","915","GG"
"1427","rs4680","22","19963748","1619","917","AA"
"1428","rs4680","22","19963748","1620","918","AA"
"1429","rs4680","22","19963748","1635","931","AG"
"1430","rs4680","22","19963748","1639","933","AA"
"1431","rs4680","22","19963748","1641","935","AG"
"1432","rs4680","22","19963748","1651","943","AG"
"1433","rs4680","22","19963748","1653","944","AG"
"1434","rs4680","22","19963748","1655","946","AG"
"1435","rs4680","22","19963748","1656","947","AA"
"1436","rs4680","22","19963748","1658","948","AG"
"1437","rs4680","22","19963748","1659","949","GG"
"1438","rs4680","22","19963748","1660","950","AA"
"1439","rs4680","22","19963748","1661","951","AA"
"1440","rs4680","22","19963748","1664","952","AA"
"1441","rs4680","22","19963748","1668","954","AG"
"1442","rs4680","22","19963748","1669","955","AG"
"1443","rs4680","22","19963748","1672","957","AG"
"1444","rs4680","22","19963748","1673","958","AG"
"1445","rs4680","22","19963748","1674","959","AA"
"1446","rs4680","22","19963748","1675","960","AG"
"1447","rs4680","22","19963748","1678","962","AG"
"1448","rs4680","22","19963748","1682","965","GG"
"1449","rs4680","22","19963748","1224","966","AG"
"1450","rs4680","22","19963748","1684","967","AG"
"1451","rs4680","22","19963748","1685","968","GG"
"1452","rs4680","22","19963748","1686","969","AG"
"1453","rs4680","22","19963748","1693","974","GG"
"1454","rs4680","22","19963748","1695","977","GG"
"1455","rs4680","22","19963748","1697","979","AG"
"1456","rs4680","22","19963748","1699","981","AA"
"1457","rs4680","22","19963748","1701","982","AG"
"1458","rs4680","22","19963748","1702","983","AG"
"1459","rs4680","22","19963748","1705","984","AG"
"1460","rs4680","22","19963748","1707","985","AG"
"1461","rs4680","22","19963748","1706","986","AG"
"1462","rs4680","22","19963748","1768","1028","AG"
"1463","rs4680","22","19963748","1772","1031","GG"
"1464","rs4680","22","19963748","1774","1032","AG"
"1465","rs4680","22","19963748","1793","1048","AA"
"1466","rs4680","22","19963748","1794","1049","AA"
"1467","rs4680","22","19963748","1795","1050","AG"
"1468","rs4680","22","19963748","1802","1052","AG"
"1469","rs4680","22","19963748","1803","1053","AG"
"1470","rs4680","22","19963748","1807","1055","AA"
"1471","rs4680","22","19963748","1808","1056","GG"
"1472","rs4680","22","19963748","1809","1058","AG"
"1473","rs4680","22","19963748","1810","1059","AG"
"1474","rs4680","22","19963748","1811","1060","GG"
"1475","rs4680","22","19963748","983","1061","AA"
"1476","rs4680","22","19963748","1812","1062","AG"
"1477","rs4680","22","19963748","1813","1063","AG"
"1478","rs4680","22","19963748","1814","1064","AG"
"1479","rs4680","22","19963748","1815","1065","AG"
"1480","rs4680","22","19963748","1818","1066","GG"
"1481","rs4680","22","19963748","1822","1067","AG"
"1482","rs4680","22","19963748","1823","1068","AG"
"1483","rs4680","22","19963748","1824","1069","GG"
"1484","rs4680","22","19963748","1825","1070","AG"
"1485","rs4680","22","19963748","1826","1071","AA"
"1486","rs4680","22","19963748","1827","1072","AG"
"1487","rs4680","22","19963748","1829","1073","AG"
"1488","rs4680","22","19963748","1831","1074","AA"
"1489","rs4680","22","19963748","1832","1075","AG"
"1490","rs4680","22","19963748","1837","1080","GG"
"1491","rs4680","22","19963748","1833","1081","AA"
"1492","rs4680","22","19963748","1838","1082","AG"
"1493","rs4680","22","19963748","1840","1084","GG"
"1494","rs4680","22","19963748","1841","1086","AA"
"1495","rs4680","22","19963748","1846","1089","AG"
"1496","rs4680","22","19963748","1848","1091","GG"
"1497","rs4680","22","19963748","1850","1093","AG"
"1498","rs4680","22","19963748","1851","1096","GG"
"1499","rs4680","22","19963748","1853","1098","AG"
"1500","rs4680","22","19963748","1855","1101","AG"
"1501","rs4680","22","19963748","1857","1103","AG"
"1502","rs4680","22","19963748","1858","1104","AA"
"1503","rs4680","22","19963748","1835","1107","AA"
"1504","rs4680","22","19963748","1864","1108","GG"
"1505","rs4680","22","19963748","1872","1111","GG"
"1506","rs4680","22","19963748","1540","1112","AG"
"1507","rs4680","22","19963748","1875","1113","AG"
"1508","rs4680","22","19963748","1876","1114","AA"
"1509","rs4680","22","19963748","1877","1115","AG"
"1510","rs4680","22","19963748","1878","1116","GG"
"1511","rs4680","22","19963748","1879","1117","AG"
"1512","rs4680","22","19963748","1882","1119","GG"
"1513","rs4680","22","19963748","1883","1120","AG"
"1514","rs4680","22","19963748","1884","1121","GG"
"1515","rs4680","22","19963748","1886","1122","GG"
"1516","rs4680","22","19963748","1887","1123","AG"
"1517","rs4680","22","19963748","1888","1124","AG"
"1518","rs4680","22","19963748","1183","1126","AG"
"1519","rs4680","22","19963748","1892","1127","AA"
"1520","rs4680","22","19963748","1895","1129","AG"
"1521","rs4680","22","19963748","1897","1130","GG"
"1522","rs4680","22","19963748","1899","1132","AA"
"1523","rs4680","22","19963748","1900","1133","AG"
"1524","rs4680","22","19963748","1901","1134","AA"
"1525","rs4680","22","19963748","1902","1135","AA"
"1526","rs4680","22","19963748","1903","1136","AG"
"1527","rs4680","22","19963748","1904","1137","AG"
"1528","rs4680","22","19963748","1905","1138","GG"
"1529","rs4680","22","19963748","1906","1141","GG"
"1530","rs4680","22","19963748","1953","1144","AA"
"1531","rs4680","22","19963748","1955","1146","AG"
"1532","rs4680","22","19963748","1958","1149","GG"
"1533","rs4680","22","19963748","1959","1150","AG"
"1534","rs4680","22","19963748","1960","1151","AA"
"1535","rs4680","22","19963748","1963","1153","GG"
"1536","rs4680","22","19963748","1966","1155","AG"
"1537","rs4680","22","19963748","1968","1156","AG"
"1538","rs4680","22","19963748","1969","1157","AA"
"1539","rs4680","22","19963748","1970","1158","AG"
"1540","rs4680","22","19963748","1972","1159","AA"
"1541","rs4680","22","19963748","1974","1161","AG"
"1542","rs4680","22","19963748","1975","1162","AA"
"1543","rs4680","22","19963748","1977","1163","AA"
"1544","rs4680","22","19963748","1980","1166","AG"
"1545","rs4680","22","19963748","1983","1169","AA"
"1546","rs4680","22","19963748","1984","1170","AA"
"1547","rs4680","22","19963748","1987",NA,NA
"1548","rs4680","22","19963748","1990","1176","AG"
"1549","rs4680","22","19963748","1991","1177","AG"
"1550","rs4680","22","19963748","1992","1178","AA"
"1551","rs4680","22","19963748","1993","1179","AG"
"1552","rs4680","22","19963748","1994","1180","GG"
"1553","rs4680","22","19963748","1995","1181","AG"
"1554","rs4680","22","19963748","1996","1182","GG"
"1555","rs4680","22","19963748","2000","1184","AA"
"1556","rs4680","22","19963748","2001","1185","AA"
"1557","rs4680","22","19963748","1889","1186","AG"
"1558","rs4680","22","19963748","2002","1187","AG"
"1559","rs4680","22","19963748","2003","1188","GG"
"1560","rs4680","22","19963748","2004","1189","AA"
"1561","rs4680","22","19963748","2005","1190","AG"
"1562","rs4680","22","19963748","2006","1191","AA"
"1563","rs4680","22","19963748","2008","1193","GG"
"1564","rs4680","22","19963748","2011","1195","GG"
"1565","rs4680","22","19963748","2012","1196","AG"
"1566","rs4680","22","19963748","2013","1197","AG"
"1567","rs4680","22","19963748","2014","1198","AG"
"1568","rs4680","22","19963748","2016","1199","AG"
"1569","rs4680","22","19963748","2018","1200","AA"
"1570","rs4680","22","19963748","2023","1203","AG"
"1571","rs4680","22","19963748","2024","1204","AA"
"1572","rs4680","22","19963748","2047","1226","AA"
"1573","rs4680","22","19963748","2048","1227","AG"
"1574","rs4680","22","19963748","2050","1228","AA"
"1575","rs4680","22","19963748","2052","1229","AA"
"1576","rs4680","22","19963748","2044","1231","AG"
"1577","rs4680","22","19963748","2022","1233","AA"
"1578","rs4680","22","19963748","2055","1234","AG"
"1579","rs4680","22","19963748","2056","1235","AG"
"1580","rs4680","22","19963748","2061","1238","GG"
"1581","rs4680","22","19963748","2063","1239","GG"
"1582","rs4680","22","19963748","2064","1241","AA"
"1583","rs4680","22","19963748","2065","1242","AG"
"1584","rs4680","22","19963748","2067","1243","GG"
"1585","rs4680","22","19963748","2106","1277","AG"
"1586","rs4680","22","19963748","2124","1291","AG"
"1587","rs4680","22","19963748","2126","1293","GG"
"1588","rs4680","22","19963748","2127","1294","AG"
"1589","rs4680","22","19963748","2129","1296","AA"
"1590","rs4680","22","19963748","2133","1299","AA"
"1591","rs4680","22","19963748","2134","1300","AA"
"1592","rs4680","22","19963748","2135","1301","AG"
"1593","rs4680","22","19963748","2151","1303","AG"
"1594","rs4680","22","19963748","2153","1306","AG"
"1595","rs4680","22","19963748","2154","1307","AG"
"1596","rs4680","22","19963748","2155","1308","AG"
"1597","rs4680","22","19963748","2157","1309","AA"
"1598","rs4680","22","19963748","2158","1310","AA"
"1599","rs4680","22","19963748","2159","1311","AA"
"1600","rs4680","22","19963748","2162","1312","AA"
"1601","rs4680","22","19963748","2163","1313","GG"
"1602","rs4680","22","19963748","2164","1314","AA"
"1603","rs4680","22","19963748","2165","1315","AA"
"1604","rs4680","22","19963748","2166","1316","GG"
"1605","rs4680","22","19963748","1239","1317","AA"
"1606","rs4680","22","19963748","2169","1318","AG"
"1607","rs4680","22","19963748","2170","1319","AG"
"1608","rs4680","22","19963748","2173","1323","GG"
"1609","rs4680","22","19963748","2174","1324","AA"
"1610","rs4680","22","19963748","2167","1325","AG"
"1611","rs4680","22","19963748","2177","1327","AG"
"1612","rs4680","22","19963748","2183","1330","AA"
"1613","rs4680","22","19963748","2202","1346","AG"
"1614","rs4680","22","19963748","2203","1347","AG"
"1615","rs4680","22","19963748","2207","1350","AA"
"1616","rs4680","22","19963748","2208","1351","AG"
"1617","rs4680","22","19963748","2210","1354","AG"
"1618","rs4680","22","19963748","2214","1361","AG"
"1619","rs4680","22","19963748","2216","1363","AG"
"1620","rs4680","22","19963748","2219","1365","AG"
"1621","rs4680","22","19963748","2224","1368","AA"
"1622","rs4680","22","19963748","2222","1369","GG"
"1623","rs4680","22","19963748","2225","1370","AG"
"1624","rs4680","22","19963748","2273","1389","AG"
"1625","rs4680","22","19963748","2274","1390","AA"
"1626","rs4680","22","19963748","2278","1394","AA"
"1627","rs4680","22","19963748","2279","1395","GG"
"1628","rs4680","22","19963748","2281","1396","AA"
"1629","rs4680","22","19963748","2284","1397","AA"
"1630","rs4680","22","19963748","2285","1398","GG"
"1631","rs4680","22","19963748","2286","1399","AG"
"1632","rs4680","22","19963748","2288","1401","AG"
"1633","rs4680","22","19963748","2290","1403","GG"
"1634","rs4680","22","19963748","2299","1410","AA"
"1635","rs4680","22","19963748","2300","1411","AG"
"1636","rs4680","22","19963748","2302","1413","AA"
"1637","rs4680","22","19963748","2303","1414","AA"
"1638","rs4680","22","19963748","2307","1417","GG"
"1639","rs4680","22","19963748","2309","1419","AG"
"1640","rs4680","22","19963748","2310","1420","AA"
"1641","rs4680","22","19963748","2311","1421","AA"
"1642","rs4680","22","19963748","2312","1422","AG"
"1643","rs4680","22","19963748","2314","1424","GG"
"1644","rs4680","22","19963748","2317","1426","GG"
"1645","rs4680","22","19963748","2401","1494","GG"
"1646","rs4680","22","19963748","2402","1495","AA"
"1647","rs4680","22","19963748","2446","1510","AA"
"1648","rs4680","22","19963748","2447","1511","AA"
"1649","rs4680","22","19963748","2448","1512","AA"
"1650","rs4680","22","19963748","2449","1513","GG"
"1651","rs4680","22","19963748","2453","1517","GG"
"1652","rs4680","22","19963748","2454","1518","GG"
"1653","rs4680","22","19963748","2455","1519","AA"
"1654","rs4680","22","19963748","2457","1521","AG"
"1655","rs4680","22","19963748","2464","1526","GG"
"1656","rs4680","22","19963748","2465","1527","GG"
"1657","rs4680","22","19963748","2498","1529","AG"
"1658","rs4680","22","19963748","2500","1531","GG"
"1659","rs4680","22","19963748","2504","1535","AG"
"1660","rs4680","22","19963748","2507","1537","AG"
"1661","rs4680","22","19963748","2509","1538","AG"
"1662","rs4680","22","19963748","2510","1539","AG"
"1663","rs4680","22","19963748","2512","1541","AG"
"1664","rs4680","22","19963748","2513","1542","AA"
"1665","rs4680","22","19963748","2514","1543","AA"
"1666","rs4680","22","19963748","2515","1544","AG"
"1667","rs4680","22","19963748","2516","1545","AA"
"1668","rs4680","22","19963748","2528","1546","GG"
"1669","rs4680","22","19963748","2529","1547","AG"
"1670","rs4680","22","19963748","2530","1548","AG"
"1671","rs4680","22","19963748","2534","1551","AG"
"1672","rs4680","22","19963748","2549","1570","AA"
"1673","rs4680","22","19963748","2552","1572","AA"
"1674","rs4680","22","19963748","2554","1573","AA"
"1675","rs4680","22","19963748","2557","1575","AG"
"1676","rs4680","22","19963748","2558","1576","AA"
"1677","rs4680","22","19963748","2563","1581","AG"
"1678","rs4680","22","19963748","2565","1585","AA"
"1679","rs4680","22","19963748","2568","1588","AA"
"1680","rs4680","22","19963748","2570","1590","GG"
"1681","rs4680","22","19963748","2571","1592","AG"
"1682","rs4680","22","19963748","2574","1593","AG"
"1683","rs4680","22","19963748","2575","1594","AG"
"1684","rs4680","22","19963748","2577","1596","AG"
"1685","rs4680","22","19963748","2578","1597","AG"
"1686","rs4680","22","19963748","2611","1630","AA"
"1687","rs4680","22","19963748","2612","1631","AG"
"1688","rs4680","22","19963748","2576","1632","AG"
"1689","rs4680","22","19963748","2616","1634","AG"
"1690","rs4680","22","19963748","2619","1639","AG"
"1691","rs4680","22","19963748","2620","1640","AG"
"1692","rs4680","22","19963748","2614","1643","AG"
"1693","rs4680","22","19963748","2628","1644","GG"
"1694","rs4680","22","19963748","2627","1648","AA"
"1695","rs4680","22","19963748","4467","3061","AA"
"1697","rs4680","22","19963748","4463","3057","AG"
"1698","rs4680","22","19963748","4460","3056","AG"
"1699","rs4680","22","19963748","4459","3055","AA"
"1700","rs4680","22","19963748","4458","3054","GG"
"1701","rs4680","22","19963748","4457","3053","GG"
"1702","rs4680","22","19963748","4456","3052","AG"
"1703","rs4680","22","19963748","4447","3050","AA"
"1704","rs4680","22","19963748","4446","3049","AG"
"1705","rs4680","22","19963748","4443","3048","AG"
"1706","rs4680","22","19963748","4444","3047","GG"
"1707","rs4680","22","19963748","4442","3046","GG"
"1708","rs4680","22","19963748","4297","3045","AG"
"1709","rs4680","22","19963748","4441","3044","GG"
"1710","rs4680","22","19963748","4440","3043","AA"
"1711","rs4680","22","19963748","4438","3042","AG"
"1712","rs4680","22","19963748","4437","3041","AA"
"1713","rs4680","22","19963748","4433","3039","GG"
"1714","rs4680","22","19963748","4432","3038","GG"
"1715","rs4680","22","19963748","4430","3036","AA"
"1716","rs4680","22","19963748","4429","3035","AA"
"1717","rs4680","22","19963748","4428","3034","AG"
"1718","rs4680","22","19963748","4324","3031","AA"
"1719","rs4680","22","19963748","4425","3030","GG"
"1720","rs4680","22","19963748","4342","3029","GG"
"1721","rs4680","22","19963748","4424","3028","AG"
"1722","rs4680","22","19963748","4282","3027","GG"
"1723","rs4680","22","19963748","4323","3025","AA"
"1724","rs4680","22","19963748","925","3022","AA"
"1725","rs4680","22","19963748","1449","3021","GG"
"1726","rs4680","22","19963748","2632","1649","AG"
"1727","rs4680","22","19963748","2633","1650","AG"
"1728","rs4680","22","19963748","2634","1653","AG"
"1729","rs4680","22","19963748","2635","1654","AA"
"1730","rs4680","22","19963748","2636","1655","AG"
"1731","rs4680","22","19963748","2637","1656","GG"
"1732","rs4680","22","19963748","2640","1657","AA"
"1733","rs4680","22","19963748","2643",NA,NA
"1734","rs4680","22","19963748","2645","1662","AA"
"1735","rs4680","22","19963748","2648","1664","AA"
"1736","rs4680","22","19963748","2647","1665","AG"
"1737","rs4680","22","19963748","2650","1667","GG"
"1738","rs4680","22","19963748","2652","1669","AA"
"1739","rs4680","22","19963748","2653","1670","GG"
"1740","rs4680","22","19963748","2655","1671","AA"
"1741","rs4680","22","19963748","2657","1672","AA"
"1742","rs4680","22","19963748","2658","1673","AA"
"1743","rs4680","22","19963748","2659","1674","AG"
"1744","rs4680","22","19963748","2660","1675","AG"
"1745","rs4680","22","19963748","2661","1676","AA"
"1746","rs4680","22","19963748","2663","1678","AG"
"1748","rs4680","22","19963748","2665","1681","GG"
"1749","rs4680","22","19963748","2669","1684","AG"
"1750","rs4680","22","19963748","2671","1687","AG"
"1751","rs4680","22","19963748","2673","1688","AA"
"1752","rs4680","22","19963748","2675","1693","AA"
"1753","rs4680","22","19963748","2676","1694","AG"
"1754","rs4680","22","19963748","2677","1695","AA"
"1755","rs4680","22","19963748","2678","1696","AG"
"1756","rs4680","22","19963748","2679","1698","AA"
"1757","rs4680","22","19963748","2681","1699","AA"
"1758","rs4680","22","19963748","2682","1700","AA"
"1759","rs4680","22","19963748","2687","1702","AG"
"1760","rs4680","22","19963748","2688","1703","AG"
"1761","rs4680","22","19963748","2692","1706","GG"
"1762","rs4680","22","19963748","2693","1707","GG"
"1763","rs4680","22","19963748","2699","1709","GG"
"1764","rs4680","22","19963748","2700","1710","GG"
"1765","rs4680","22","19963748","2701","1711","AG"
"1766","rs4680","22","19963748","2706","1715","AG"
"1767","rs4680","22","19963748","2703","1716","GG"
"1768","rs4680","22","19963748","2707","1717","AG"
"1769","rs4680","22","19963748","2708","1719","GG"
"1770","rs4680","22","19963748","2709","1720","AA"
"1771","rs4680","22","19963748","2686","1721","AA"
"1772","rs4680","22","19963748","2711","1722","AA"
"1773","rs4680","22","19963748","2712","1723","GG"
"1774","rs4680","22","19963748","2713","1724","GG"
"1775","rs4680","22","19963748","2715","1725","GG"
"1776","rs4680","22","19963748","2716","1726","GG"
"1777","rs4680","22","19963748","2334","1727","AG"
"1778","rs4680","22","19963748","2719","1728","AG"
"1779","rs4680","22","19963748","2720","1729","GG"
"1780","rs4680","22","19963748","2723","1730","GG"
"1781","rs4680","22","19963748","2724","1731","AA"
"1782","rs4680","22","19963748","2725","1732","AG"
"1783","rs4680","22","19963748","2726","1733","AG"
"1784","rs4680","22","19963748","2727","1734","GG"
"1785","rs4680","22","19963748","2728","1735","AG"
"1786","rs4680","22","19963748","2729","1736","AA"
"1787","rs4680","22","19963748","2730","1737","GG"
"1788","rs4680","22","19963748","2733","1740","AG"
"1789","rs4680","22","19963748","2735","1741","GG"
"1790","rs4680","22","19963748","2739","1744","GG"
"1791","rs4680","22","19963748","2740","1745","AG"
"1792","rs4680","22","19963748","2743","1747","AA"
"1793","rs4680","22","19963748","2744","1748","AA"
"1794","rs4680","22","19963748","2745","1749","AA"
"1795","rs4680","22","19963748","2747","1751","AG"
"1796","rs4680","22","19963748","2748","1752","AA"
"1797","rs4680","22","19963748","2749","1753","AA"
"1798","rs4680","22","19963748","2751","1754","AG"
"1799","rs4680","22","19963748","2752","1755","AG"
"1800","rs4680","22","19963748","2755","1758","AG"
"1801","rs4680","22","19963748","2756","1759","AG"
"1802","rs4680","22","19963748","2758","1761","AA"
"1803","rs4680","22","19963748","2759","1762","GG"
"1804","rs4680","22","19963748","2760","1763","GG"
"1805","rs4680","22","19963748","2768","1767","GG"
"1807","rs4680","22","19963748","2792","1769","AG"
"1808","rs4680","22","19963748","2794","1770","AG"
"1809","rs4680","22","19963748","2797","1771","AA"
"1810","rs4680","22","19963748","2799","1772","AG"
"1811","rs4680","22","19963748","2804","1774","AA"
"1812","rs4680","22","19963748","2805","1775","GG"
"1813","rs4680","22","19963748","2808","1776","AA"
"1814","rs4680","22","19963748","2811","1778","AA"
"1815","rs4680","22","19963748","2812","1780","AG"
"1816","rs4680","22","19963748","2813","1781","AG"
"1817","rs4680","22","19963748","2815","1782","AA"
"1818","rs4680","22","19963748","2817","1783","AG"
"1819","rs4680","22","19963748","2818","1784","AG"
"1820","rs4680","22","19963748","2824","1785","AG"
"1821","rs4680","22","19963748","2825","1786","GG"
"1822","rs4680","22","19963748","2826","1787","AA"
"1823","rs4680","22","19963748","2831","1789","AG"
"1824","rs4680","22","19963748","2834","1793","AA"
"1825","rs4680","22","19963748","2835","1794","AA"
"1826","rs4680","22","19963748","2836","1795","AG"
"1827","rs4680","22","19963748","2837","1796","AG"
"1828","rs4680","22","19963748","2838","1797","AG"
"1829","rs4680","22","19963748","2841","1799","AG"
"1830","rs4680","22","19963748","2842","1800","GG"
"1831","rs4680","22","19963748","2843","1801","GG"
"1832","rs4680","22","19963748","2844","1802","GG"
"1833","rs4680","22","19963748","2845","1805","AA"
"1834","rs4680","22","19963748","2847","1806","AG"
"1835","rs4680","22","19963748","2849","1808","GG"
"1836","rs4680","22","19963748","2850","1809","GG"
"1837","rs4680","22","19963748","2851","1810","AG"
"1838","rs4680","22","19963748","2854","1812","AG"
"1839","rs4680","22","19963748","2857","1815","AG"
"1840","rs4680","22","19963748","2858","1816","AG"
"1841","rs4680","22","19963748","2859","1817","GG"
"1842","rs4680","22","19963748","2860","1818","AA"
"1843","rs4680","22","19963748","2867","1819","AG"
"1844","rs4680","22","19963748","2869","1820","AG"
"1845","rs4680","22","19963748","2878","1822","AG"
"1846","rs4680","22","19963748","2879","1823","AA"
"1847","rs4680","22","19963748","2881","1824","AG"
"1848","rs4680","22","19963748","2882","1825","GG"
"1849","rs4680","22","19963748","2884","1826","AA"
"1850","rs4680","22","19963748","2886","1827","GG"
"1851","rs4680","22","19963748","2764","1828","GG"
"1852","rs4680","22","19963748","2887","1829","GG"
"1853","rs4680","22","19963748","2890","1831","AG"
"1854","rs4680","22","19963748","2891","1832","AG"
"1855","rs4680","22","19963748","2894","1833","GG"
"1856","rs4680","22","19963748","2896","1835","AG"
"1857","rs4680","22","19963748","2898","1837","AG"
"1858","rs4680","22","19963748","488",NA,NA
"1859","rs4680","22","19963748","2900","1840","AG"
"1860","rs4680","22","19963748","2901","1841","AG"
"1861","rs4680","22","19963748","2903",NA,NA
"1862","rs4680","22","19963748","2904","1844","GG"
"1863","rs4680","22","19963748","2907","1846","AG"
"1864","rs4680","22","19963748","2909","1848","AG"
"1865","rs4680","22","19963748","2943","1875","AG"
"1866","rs4680","22","19963748","3015","1938","GG"
"1867","rs4680","22","19963748","3025","1942","GG"
"1868","rs4680","22","19963748","3027","1944","GG"
"1869","rs4680","22","19963748","3441","2245","AA"
"1870","rs4680","22","19963748","3445","2247","GG"
"1871","rs4680","22","19963748","3454","2250","GG"
"1872","rs4680","22","19963748","3455","2251","AG"
"1873","rs4680","22","19963748","3456","2252","GG"
"1874","rs4680","22","19963748","3459","2254","GG"
"1875","rs4680","22","19963748","3461","2255","AG"
"1876","rs4680","22","19963748","3473","2258","AG"
"1877","rs4680","22","19963748","3482","2264","AG"
"1878","rs4680","22","19963748","3485","2265","AG"
"1879","rs4680","22","19963748","3486","2266","AA"
"1880","rs4680","22","19963748","3489","2267","AG"
"1881","rs4680","22","19963748","3491","2268","AG"
"1882","rs4680","22","19963748","3494","2270","AG"
"1883","rs4680","22","19963748","3495","2271","AG"
"1884","rs4680","22","19963748","3498","2272","AA"
"1885","rs4680","22","19963748","3499","2273","AG"
"1886","rs4680","22","19963748","3500","2274","AG"
"1887","rs4680","22","19963748","3504","2277","GG"
"1888","rs4680","22","19963748","3507","2278","AG"
"1889","rs4680","22","19963748","3508","2280","AG"
"1890","rs4680","22","19963748","3257","2282","AG"
"1891","rs4680","22","19963748","3511","2285","AG"
"1892","rs4680","22","19963748","3513","2286","AG"
"1893","rs4680","22","19963748","3514","2287","GG"
"1894","rs4680","22","19963748","3503","2288","AG"
"1895","rs4680","22","19963748","3516","2289","AA"
"1896","rs4680","22","19963748","3517","2290","AA"
"1897","rs4680","22","19963748","3520",NA,NA
"1898","rs4680","22","19963748","3521","2295","AG"
"1899","rs4680","22","19963748","3523","2296","AA"
"1900","rs4680","22","19963748","3524","2297","GA"
"1901","rs4680","22","19963748","3525","2298","AG"
"1902","rs4680","22","19963748","3526","2299","AG"
"1903","rs4680","22","19963748","3527","2300","AG"
"1904","rs4680","22","19963748","3528","2301","GG"
"1905","rs4680","22","19963748","3531","2303","AG"
"1906","rs4680","22","19963748","3530","2304","AG"
"1907","rs4680","22","19963748","3532","2305","AG"
"1908","rs4680","22","19963748","3533","2306","AG"
"1909","rs4680","22","19963748","3540","2310","GG"
"1910","rs4680","22","19963748","3538","2311","AA"
"1911","rs4680","22","19963748","3542","2312","AG"
"1912","rs4680","22","19963748","3543","2313","AA"
"1913","rs4680","22","19963748","3544","2314","AG"
"1914","rs4680","22","19963748","3270","2315","GG"
"1915","rs4680","22","19963748","298","2316","AA"
"1916","rs4680","22","19963748","3545","2317","AG"
"1917","rs4680","22","19963748","3547","2321","AA"
"1918","rs4680","22","19963748","3549","2323","GG"
"1919","rs4680","22","19963748","3552","2324","AG"
"1920","rs4680","22","19963748","3554","2325","AG"
"1921","rs4680","22","19963748","3556","2326","AG"
"1922","rs4680","22","19963748","3557","2327","AA"
"1923","rs4680","22","19963748","3558","2328","AG"
"1924","rs4680","22","19963748","3560","2329","GG"
"1925","rs4680","22","19963748","3559","2330","AG"
"1927","rs4680","22","19963748","3564","2333","AG"
"1928","rs4680","22","19963748","3566","2334","AA"
"1929","rs4680","22","19963748","3568","2335","AG"
"1930","rs4680","22","19963748","3569","2336","AA"
"1931","rs4680","22","19963748","3567","2339","AG"
"1932","rs4680","22","19963748","3573","2342","AG"
"1933","rs4680","22","19963748","3574","2343","AG"
"1934","rs4680","22","19963748","3581","2348","GG"
"1935","rs4680","22","19963748","3582","2349","AG"
"1936","rs4680","22","19963748","3587","2351","AA"
"1937","rs4680","22","19963748","3589","2352","GG"
"1938","rs4680","22","19963748","3586","2353","AG"
"1939","rs4680","22","19963748","3590","2354","AG"
"1940","rs4680","22","19963748","3591","2355","GG"
"1941","rs4680","22","19963748","3592","2356","AA"
"1942","rs4680","22","19963748","3609","2369","AG"
"1943","rs4680","22","19963748","3615","2373","AG"
"1944","rs4680","22","19963748","3617","2375","AA"
"1945","rs4680","22","19963748","3618","2377","AG"
"1946","rs4680","22","19963748","3620","2378","GG"
"1947","rs4680","22","19963748","3622","2379","AG"
"1948","rs4680","22","19963748","3623","2380","AG"
"1949","rs4680","22","19963748","3624","2381","AG"
"1950","rs4680","22","19963748","3625","2382","GG"
"1951","rs4680","22","19963748","3626","2383","GG"
"1952","rs4680","22","19963748","3627","2384","AG"
"1954","rs4680","22","19963748","3638","2391","AG"
"1955","rs4680","22","19963748","3639","2392","AG"
"1956","rs4680","22","19963748","3640","2393","GG"
"1957","rs4680","22","19963748","3642","2394","AA"
"1958","rs4680","22","19963748","3643","2395","AG"
"1959","rs4680","22","19963748","3644","2396","AG"
"1960","rs4680","22","19963748","3647","2398","AG"
"1961","rs4680","22","19963748","3651","2400","GG"
"1962","rs4680","22","19963748","3653","2401","GG"
"1963","rs4680","22","19963748","3654","2402","GG"
"1964","rs4680","22","19963748","3655","2403","AG"
"1965","rs4680","22","19963748","3657","2404","AG"
"1966","rs4680","22","19963748","3658","2405","AG"
"1967","rs4680","22","19963748","3660","2406","AG"
"1968","rs4680","22","19963748","3662","2408","AG"
"1969","rs4680","22","19963748","3663","2409","GG"
"1970","rs4680","22","19963748","3664","2410","GG"
"1971","rs4680","22","19963748","3665","2411","AA"
"1972","rs4680","22","19963748","3666","2412","AA"
"1973","rs4680","22","19963748","3667","2413","AG"
"1974","rs4680","22","19963748","3668","2414","AA"
"1975","rs4680","22","19963748","3669","2415","AG"
"1976","rs4680","22","19963748","3671","2416","AA"
"1977","rs4680","22","19963748","3672","2417","GG"
"1978","rs4680","22","19963748","3673","2418","AA"
"1979","rs4680","22","19963748","3674","2419","AA"
"1980","rs4680","22","19963748","3675","2420","AG"
"1981","rs4680","22","19963748","3676","2421","AG"
"1982","rs4680","22","19963748","3678","2424","AA"
"1983","rs4680","22","19963748","3677","2427","GG"
"1984","rs4680","22","19963748","3680","2428","AA"
"1985","rs4680","22","19963748","3683","2430","AG"
"1986","rs4680","22","19963748","3688","2433","AG"
"1987","rs4680","22","19963748","3691","2436","GG"
"1988","rs4680","22","19963748","3699","2440","AG"
